Song,Artist
"""The Chipmunk Song (Christmas Don't Be Late)""",The Chipmunks with David Seville
"""Smoke Gets in Your Eyes""",The Platters
"""Stagger Lee""",Lloyd Price
"""Venus""",Frankie Avalon
"""Come Softly to Me""",The Fleetwoods
"""The Happy Organ""","Dave ""Baby"" Cortez"
"""Kansas City""",Wilbert Harrison
"""The Battle of New Orleans""",Johnny Horton
"""Lonely Boy""",Paul Anka
"""A Big Hunk o' Love""",Elvis Presley
"""The Three Bells""",The Browns
"""Sleep Walk""",Santo & Johnny
"""Mack the Knife""",Bobby Darin
"""Mr. Blue""",The Fleetwoods
"""Heartaches by the Number""",Guy Mitchell
"""Why""",Frankie Avalon
"""El Paso""",Marty Robbins
"""Running Bear""",Johnny Preston
"""Teen Angel""",Mark Dinning
"""Theme from A Summer Place""",Percy Faith
"""Stuck on You""",Elvis Presley
"""Cathy's Clown""",The Everly Brothers
"""Everybody's Somebody's Fool""",Connie Francis
"""Alley Oop""",Hollywood Argyles
"""I'm Sorry""",Brenda Lee
"""Itsy Bitsy Teenie Weenie Yellow Polkadot Bikini""",Brian Hyland
"""It's Now or Never""",Elvis Presley
"""The Twist""",Chubby Checker
"""My Heart Has a Mind of Its Own""",Connie Francis
"""Mr. Custer""",Larry Verne
"""Save the Last Dance for Me""",The Drifters
"""I Want to Be Wanted""",Brenda Lee
"""Georgia on My Mind""",Ray Charles
"""Stay""",Maurice Williams and the Zodiacs
"""Are You Lonesome Tonight?""",Elvis Presley
"""Are You Lonesome Tonight?""",Elvis Presley
"""Wonderland by Night""",Bert Kaempfert
"""Will You Love Me Tomorrow""",The Shirelles
"""Calcutta""",Lawrence Welk
"""Pony Time""",Chubby Checker
"""Surrender""",Elvis Presley
"""Blue Moon""",The Marcels
"""Runaway""",Del Shannon
"""Mother-in-Law""",Ernie K-Doe
"""Travelin' Man""",Ricky Nelson
"""Running Scared""",Roy Orbison
"""Moody River""",Pat Boone
"""Quarter to Three""",Gary U.S. Bonds
"""Tossin' and Turnin'""",Bobby Lewis
"""Wooden Heart""",Joe Dowell
"""Michael""",The Highwaymen
"""Take Good Care of My Baby""",Bobby Vee
"""Hit the Road Jack""",Ray Charles
"""Runaround Sue""",Dion
"""Big Bad John""",Jimmy Dean
"""Please Mr. Postman""",The Marvelettes
"""The Lion Sleeps Tonight""",The Tokens
"""The Lion Sleeps Tonight""",The Tokens
"""The Twist""",Chubby Checker
"""Peppermint Twist""",Joey Dee and the Starliters
"""Duke of Earl""",Gene Chandler
"""Hey! Baby""",Bruce Channel
"""Don't Break the Heart That Loves You""",Connie Francis
"""Johnny Angel""",Shelley Fabares
"""Good Luck Charm""",Elvis Presley
"""Soldier Boy""",The Shirelles
"""Stranger on the Shore""",Mr. Acker Bilk
"""I Can't Stop Loving You""",Ray Charles
"""The Stripper""",David Rose
"""Roses Are Red (My Love)""",Bobby Vinton
"""Breaking Up Is Hard to Do""",Neil Sedaka
"""The Loco-Motion""",Little Eva
"""Sheila""",Tommy Roe
"""Sherry""",The Four Seasons
"""Monster Mash""",Bobby 'Boris' Pickett & the Crypt-Kickers
"""He's a Rebel""",The Crystals
"""Big Girls Don't Cry""",The Four Seasons
"""Telstar""",The Tornados
"""Telstar""",The Tornados
"""Go Away Little Girl""",Steve Lawrence
"""Walk Right In""",The Rooftop Singers
"""Hey Paula""",Paul & Paula
"""Walk Like a Man""",The Four Seasons
"""Our Day Will Come""",Ruby & the Romantics
"""He's So Fine""",The Chiffons
"""I Will Follow Him""",Little Peggy March
"""If You Wanna Be Happy""",Jimmy Soul
"""It's My Party""",Lesley Gore
"""Sukiyaki""",Kyu Sakamoto
"""Easier Said Than Done""",The Essex
"""Surf City""",Jan and Dean
"""So Much in Love""",The Tymes
"""Fingertips""",Little Stevie Wonder
"""My Boyfriend's Back""",The Angels
"""Blue Velvet""",Bobby Vinton
"""Sugar Shack""",Jimmy Gilmer and the Fireballs
"""Deep Purple""",Nino Tempo and April Stevens
"""I'm Leaving It Up to You""",Dale & Grace
"""Dominique""",The Singing Nun
"""There! I've Said It Again""",Bobby Vinton
"""I Want to Hold Your Hand""",The Beatles
"""She Loves You""",The Beatles
"""Can't Buy Me Love""",The Beatles
"""Hello, Dolly!""",Louis Armstrong
"""My Guy""",Mary Wells
"""Love Me Do""",The Beatles
"""Chapel of Love""",The Dixie Cups
"""A World Without Love""",Peter and Gordon
"""I Get Around""",The Beach Boys
"""Rag Doll""",The Four Seasons
"""A Hard Day's Night""",The Beatles
"""Everybody Loves Somebody""",Dean Martin
"""Where Did Our Love Go""",The Supremes
"""The House of the Rising Sun""",The Animals
"""Oh, Pretty Woman""",Roy Orbison
"""Do Wah Diddy Diddy""",Manfred Mann
"""Baby Love""",The Supremes
"""Leader of the Pack""",The Shangri-Las
"""Ringo""",Lorne Greene
"""Mr. Lonely""",Bobby Vinton
"""Come See About Me""",The Supremes
"""I Feel Fine""",The Beatles
"""I Feel Fine""",The Beatles
"""Come See About Me""",The Supremes
"""Downtown""",Petula Clark
"""You've Lost That Lovin' Feelin'""",The Righteous Brothers
"""This Diamond Ring""",Gary Lewis & the Playboys
"""My Girl""",The Temptations
"""Eight Days a Week""",The Beatles
"""Stop! In the Name of Love""",The Supremes
"""I'm Telling You Now""",Freddie and the Dreamers
"""Game of Love""",Wayne Fontana and the Mindbenders
"""Mrs. Brown, You've Got a Lovely Daughter""",Herman's Hermits
"""Ticket to Ride""",The Beatles
"""Help Me, Rhonda""",The Beach Boys
"""Back in My Arms Again""",The Supremes
"""I Can't Help Myself (Sugar Pie Honey Bunch)""",Four Tops
"""Mr. Tambourine Man""",The Byrds
"""(I Can't Get No) Satisfaction""",The Rolling Stones
"""I'm Henry VIII, I Am""",Herman's Hermits
"""I Got You Babe""",Sonny & Cher
"""Help!""",The Beatles
"""Eve of Destruction""",Barry McGuire
"""Hang On Sloopy""",The McCoys
"""Yesterday""",The Beatles
"""Get Off of My Cloud""",The Rolling Stones
"""I Hear a Symphony""",The Supremes
"""Turn! Turn! Turn! (To Everything There Is a Season)""",The Byrds
"""Over and Over""",The Dave Clark Five
"""The Sound of Silence""",Simon & Garfunkel
"""We Can Work It Out""",The Beatles
"""My Love""",Petula Clark
"""Lightnin' Strikes""",Lou Christie
"""These Boots Are Made for Walkin'""",Nancy Sinatra
"""The Ballad of the Green Berets""",SSgt Barry Sadler
"""(You're My) Soul and Inspiration""",The Righteous Brothers
"""Good Lovin'""",The Young Rascals
"""Monday, Monday""",The Mamas & the Papas
"""When a Man Loves a Woman""",Percy Sledge
"""Paint It Black""",The Rolling Stones
"""Paperback Writer""",The Beatles
"""Strangers in the Night""",Frank Sinatra
"""Hanky Panky""",Tommy James and the Shondells
"""Wild Thing""",The Troggs
"""Summer in the City""",The Lovin' Spoonful
"""Sunshine Superman""",Donovan
"""You Can't Hurry Love""",The Supremes
"""Cherish""",The Association
"""Reach Out I'll Be There""",Four Tops
"""96 Tears""",? and the Mysterians
"""Last Train to Clarksville""",The Monkees
"""Poor Side of Town""",Johnny Rivers
"""You Keep Me Hangin' On""",The Supremes
"""Winchester Cathedral""",The New Vaudeville Band
"""Good Vibrations""",The Beach Boys
"""I'm a Believer""",The Monkees
"""I'm a Believer""",The Monkees
"""Kind of a Drag""",The Buckinghams
"""Ruby Tuesday""",The Rolling Stones
"""Love Is Here and Now You're Gone""",The Supremes
"""Penny Lane""",The Beatles
"""Happy Together""",The Turtles
"""Somethin' Stupid""",Nancy Sinatra and Frank Sinatra
"""The Happening""",The Supremes
"""Groovin'""",The Young Rascals
"""Respect""",Aretha Franklin
"""Windy""",The Association
"""Light My Fire""",The Doors
"""All You Need Is Love""",The Beatles
"""Ode to Billie Joe""",Bobbie Gentry
"""The Letter""",The Box Tops
"""To Sir With Love""",Lulu
"""Incense and Peppermints""",Strawberry Alarm Clock
"""Daydream Believer""",The Monkees
"""Hello, Goodbye""",The Beatles
"""Hello, Goodbye""",The Beatles
"""Judy in Disguise (With Glasses)""",John Fred and His Playboy Band
"""Green Tambourine""",The Lemon Pipers
"""Love is Blue""",Paul Mauriat
"""(Sittin' On) The Dock of the Bay""",Otis Redding
"""Honey""",Bobby Goldsboro
"""Tighten Up""",Archie Bell & the Drells
"""Mrs. Robinson""",Simon & Garfunkel
"""This Guy's in Love with You""",Herb Alpert
"""Grazing in the Grass""",Hugh Masekela
"""Hello, I Love You""",The Doors
"""People Got to Be Free""",The Rascals
"""Harper Valley PTA""",Jeannie C. Riley
"""Hey Jude""",The Beatles
"""Love Child""",Diana Ross & the Supremes
"""I Heard It Through the Grapevine""",Marvin Gaye
"""I Heard It Through the Grapevine""",Marvin Gaye
"""Crimson and Clover""",Tommy James and the Shondells
"""Everyday People""",Sly & the Family Stone
"""Dizzy""",Tommy Roe
"""Aquarius/Let the Sunshine In""",The 5th Dimension
"""Get Back""",The Beatles with Billy Preston
"""Love Theme from Romeo and Juliet""",Henry Mancini
"""In the Year 2525""",Zager and Evans
"""Honky Tonk Women""",The Rolling Stones
"""Sugar, Sugar""",The Archies
"""I Can't Get Next to You""",The Temptations
"""Suspicious Minds""",Elvis Presley
"""Wedding Bell Blues""",The 5th Dimension
"""Come Together"" / ""Something""",The Beatles
"""Na Na Hey Hey Kiss Him Goodbye""",Steam
"""Leaving on a Jet Plane""","Peter, Paul and Mary"
"""Someday We'll Be Together""",Diana Ross & the Supremes
"""Raindrops Keep Fallin' on My Head""",B. J. Thomas
"""I Want You Back""",The Jackson 5
"""Venus""",Shocking Blue
"""Thank You (Falettinme Be Mice Elf Agin)"" / ""Everybody Is a Star""",Sly & the Family Stone
"""Bridge over Troubled Water""",Simon & Garfunkel
"""Let It Be""",The Beatles
"""ABC""",The Jackson 5
"""American Woman"" / ""No Sugar Tonight""",The Guess Who
"""Everything Is Beautiful""",Ray Stevens
"""The Long and Winding Road"" / ""For You Blue""",The Beatles
"""The Love You Save""",The Jackson 5
"""Mama Told Me (Not to Come)""",Three Dog Night
"""(They Long to Be) Close to You""",The Carpenters
"""Make It with You""",Bread
"""War""",Edwin Starr
"""Ain't No Mountain High Enough""",Diana Ross
"""Cracklin' Rosie""",Neil Diamond
"""I'll Be There""",The Jackson 5
"""I Think I Love You""",The Partridge Family
"""The Tears of a Clown""",Smokey Robinson & the Miracles
"""My Sweet Lord"" / ""Isn't It a Pity""",George Harrison
"""My Sweet Lord"" / ""Isn't It a Pity""",George Harrison
"""Knock Three Times""",Dawn
"""One Bad Apple""",The Osmonds
"""Me and Bobby McGee""",Janis Joplin
"""Just My Imagination (Running Away with Me)""",The Temptations
"""Joy to the World""",Three Dog Night
"""Brown Sugar""",The Rolling Stones
"""Want Ads""",Honey Cone
"""It's Too Late"" / ""I Feel the Earth Move""",Carole King
"""Indian Reservation (The Lament of the Cherokee Reservation Indian)""",The Raiders
"""You've Got a Friend""",James Taylor
"""How Can You Mend a Broken Heart""",Bee Gees
"""Uncle Albert/Admiral Halsey""",Paul & Linda McCartney
"""Go Away Little Girl""",Donny Osmond
"""Maggie May"" / ""Reason to Believe""",Rod Stewart
"""Gypsys, Tramps & Thieves""",Cher
"""Theme from Shaft""",Isaac Hayes
"""Family Affair""",Sly and the Family Stone
"""Brand New Key""",Melanie
"""Brand New Key""",Melanie
"""American Pie""",Don McLean
"""Let's Stay Together""",Al Green
"""Without You""",Nilsson
"""Heart of Gold""",Neil Young
"""A Horse with No Name""",America
"""The First Time Ever I Saw Your Face""",Roberta Flack
"""Oh Girl""",The Chi-Lites
"""I'll Take You There""",The Staple Singers
"""The Candy Man""",Sammy Davis Jr.
"""Song Sung Blue""",Neil Diamond
"""Lean on Me""",Bill Withers
"""Alone Again (Naturally)""",Gilbert O'Sullivan
"""Brandy (You're a Fine Girl)""",Looking Glass
"""Black and White""",Three Dog Night
"""Baby, Don't Get Hooked on Me""",Mac Davis
"""Ben""",Michael Jackson
"""My Ding-a-Ling""",Chuck Berry
"""I Can See Clearly Now""",Johnny Nash
"""Papa Was a Rollin' Stone""",The Temptations
"""I Am Woman""",Helen Reddy
"""Me and Mrs. Jones""",Billy Paul
"""You're So Vain""",Carly Simon
"""Superstition""",Stevie Wonder
"""Crocodile Rock""",Elton John
"""Killing Me Softly with His Song""",Roberta Flack
"""Love Train""",The O'Jays
"""The Night the Lights Went Out in Georgia""",Vicki Lawrence
"""Tie a Yellow Ribbon Round the Ole Oak Tree""",Dawn featuring Tony Orlando
"""You Are the Sunshine of My Life""",Stevie Wonder
"""Frankenstein""",The Edgar Winter Group
"""My Love""",Paul McCartney & Wings
"""Give Me Love (Give Me Peace on Earth)""",George Harrison
"""Will It Go Round in Circles""",Billy Preston
"""Bad, Bad Leroy Brown""",Jim Croce
"""The Morning After""",Maureen McGovern
"""Touch Me in the Morning""",Diana Ross
"""Brother Louie""",Stories
"""Let's Get It On""",Marvin Gaye
"""Delta Dawn""",Helen Reddy
"""We're an American Band""",Grand Funk
"""Half-Breed""",Cher
"""Angie""",The Rolling Stones
"""Midnight Train to Georgia""",Gladys Knight & the Pips
"""Keep on Truckin'""",Eddie Kendricks
"""Photograph""",Ringo Starr
"""Top of the World""",The Carpenters
"""The Most Beautiful Girl""",Charlie Rich
"""Time in a Bottle""",Jim Croce
"""Time in a Bottle""",Jim Croce
"""The Joker""",Steve Miller Band
"""Show and Tell""",Al Wilson
"""You're Sixteen""",Ringo Starr
"""The Way We Were""",Barbra Streisand
"""Love's Theme""",Love Unlimited Orchestra
"""Seasons in the Sun""",Terry Jacks
"""Dark Lady""",Cher
"""Sunshine on My Shoulders""",John Denver
"""Hooked on a Feeling""",Blue Swede
"""Bennie and the Jets""",Elton John
"""TSOP (The Sound of Philadelphia)""",MFSB and The Three Degrees
"""The Loco-Motion""",Grand Funk
"""The Streak""",Ray Stevens
"""Band on the Run""",Paul McCartney & Wings
"""Billy Don't Be a Hero""",Bo Donaldson and The Heywoods
"""Sundown""",Gordon Lightfoot
"""Rock the Boat""",The Hues Corporation
"""Rock Your Baby""",George McCrae
"""Annie's Song""",John Denver
"""Feel Like Makin' Love""",Roberta Flack
"""The Night Chicago Died""",Paper Lace
"""(You're) Having My Baby""",Paul Anka and Odia Coates
"""I Shot the Sheriff""",Eric Clapton
"""Can't Get Enough of Your Love, Babe""",Barry White
"""Rock Me Gently""",Andy Kim
"""I Honestly Love You""",Olivia Newton-John
"""Nothing From Nothing""",Billy Preston
"""Then Came You""",Dionne Warwick and The Spinners
"""You Haven't Done Nothin'""",Stevie Wonder
"""You Ain't Seen Nothing Yet""",Bachman–Turner Overdrive
"""Whatever Gets You thru the Night""",John Lennon
"""I Can Help""",Billy Swan
"""Kung Fu Fighting""",Carl Douglas
"""Cat's in the Cradle""",Harry Chapin
"""Angie Baby""",Helen Reddy
"""Lucy in the Sky with Diamonds""",Elton John
"""Mandy""",Barry Manilow
"""Please Mr. Postman""",The Carpenters
"""Laughter in the Rain""",Neil Sedaka
"""Fire""",Ohio Players
"""You're No Good""",Linda Ronstadt
"""Pick Up the Pieces""",Average White Band
"""Best of My Love""",Eagles
"""Have You Never Been Mellow""",Olivia Newton-John
"""Black Water""",The Doobie Brothers
"""My Eyes Adored You""",Frankie Valli
"""Lady Marmalade""",Labelle
"""Lovin' You""",Minnie Riperton
"""Philadelphia Freedom""",Elton John Band
"""(Hey Won't You Play) Another Somebody Done Somebody Wrong Song""",B. J. Thomas
"""He Don't Love You (Like I Love You)""",Tony Orlando and Dawn
"""Shining Star""","Earth, Wind & Fire"
"""Before the Next Teardrop Falls""",Freddy Fender
"""Thank God I'm a Country Boy""",John Denver
"""Sister Golden Hair""",America
"""Love Will Keep Us Together""",Captain & Tennille
"""Listen to What the Man Said""",Wings
"""The Hustle""",Van McCoy and the Soul City Symphony
"""One of These Nights""",Eagles
"""Jive Talkin'""",Bee Gees
"""Fallin' in Love""","Hamilton, Joe Frank & Reynolds"
"""Get Down Tonight""",KC and the Sunshine Band
"""Rhinestone Cowboy""",Glen Campbell
"""Fame""",David Bowie
"""I'm Sorry""",John Denver
"""Bad Blood""",Neil Sedaka
"""Island Girl""",Elton John
"""That's the Way (I Like It)""",KC and the Sunshine Band
"""Fly, Robin, Fly""",Silver Convention
"""Let's Do It Again""",The Staple Singers
"""Saturday Night""",Bay City Rollers
"""Convoy""",C. W. McCall
"""I Write the Songs""",Barry Manilow
"""Theme from Mahogany (Do You Know Where You're Going To)""",Diana Ross
"""Love Rollercoaster""",Ohio Players
"""50 Ways to Leave Your Lover""",Paul Simon
"""Theme from S.W.A.T.""",Rhythm Heritage
"""Love Machine""",The Miracles
"""December, 1963 (Oh, What a Night)""",The Four Seasons
"""Disco Lady""",Johnnie Taylor
"""Let Your Love Flow""",The Bellamy Brothers
"""Welcome Back""",John Sebastian
"""Boogie Fever""",The Sylvers
"""Silly Love Songs""",Wings
"""Love Hangover""",Diana Ross
"""Afternoon Delight""",Starland Vocal Band
"""Kiss and Say Goodbye""",The Manhattans
"""Don't Go Breaking My Heart""",Elton John and Kiki Dee
"""You Should Be Dancing""",Bee Gees
"""(Shake, Shake, Shake) Shake Your Booty""",KC and the Sunshine Band
"""Play That Funky Music""",Wild Cherry
"""A Fifth of Beethoven""",Walter Murphy and the Big Apple Band
"""Disco Duck""",Rick Dees and His Cast of Idiots
"""If You Leave Me Now""",Chicago
"""Rock'n Me""",Steve Miller Band
"""Tonight's the Night (Gonna Be Alright)""",Rod Stewart
"""Tonight's the Night (Gonna Be Alright)""",Rod Stewart
"""You Don't Have to Be a Star (To Be in My Show)""",Marilyn McCoo and Billy Davis Jr.
"""You Make Me Feel Like Dancing""",Leo Sayer
"""I Wish""",Stevie Wonder
"""Car Wash""",Rose Royce
"""Torn Between Two Lovers""",Mary MacGregor
"""Blinded by the Light""",Manfred Mann's Earth Band
"""New Kid in Town""",Eagles
"""Evergreen (Love Theme from A Star Is Born)""",Barbra Streisand
"""Rich Girl""",Daryl Hall and John Oates
"""Dancing Queen""",ABBA
"""Don't Give Up on Us""",David Soul
"""Don't Leave Me This Way""",Thelma Houston
"""Southern Nights""",Glen Campbell
"""Hotel California""",Eagles
"""When I Need You""",Leo Sayer
"""Sir Duke""",Stevie Wonder
"""I'm Your Boogie Man""",KC and the Sunshine Band
"""Dreams""",Fleetwood Mac
"""Got to Give It Up""",Marvin Gaye
"""Gonna Fly Now (Theme From Rocky)""",Bill Conti
"""Undercover Angel""",Alan O'Day
"""Da Doo Ron Ron""",Shaun Cassidy
"""Looks Like We Made It""",Barry Manilow
"""I Just Want to Be Your Everything""",Andy Gibb
"""Best of My Love""",The Emotions
"""Star Wars Theme/Cantina Band""",Meco
"""You Light Up My Life""",Debby Boone
"""How Deep Is Your Love""",Bee Gees
"""How Deep Is Your Love""",Bee Gees
"""Baby Come Back""",Player
"""Stayin' Alive""",Bee Gees
"""(Love Is) Thicker Than Water""",Andy Gibb
"""Night Fever""",Bee Gees
"""If I Can't Have You""",Yvonne Elliman
"""With a Little Luck""",Wings
"""Too Much, Too Little, Too Late""",Johnny Mathis and Deniece Williams
"""You're the One That I Want""",John Travolta and Olivia Newton-John
"""Shadow Dancing""",Andy Gibb
"""Miss You""",The Rolling Stones
"""Three Times a Lady""",Commodores
"""Grease""",Frankie Valli
"""Boogie Oogie Oogie""",A Taste of Honey
"""Kiss You All Over""",Exile
"""Hot Child in the City""",Nick Gilder
"""You Needed Me""",Anne Murray
"""MacArthur Park""",Donna Summer
"""You Don't Bring Me Flowers""",Barbra Streisand and Neil Diamond
"""Le Freak""",Chic
"""Too Much Heaven""",Bee Gees
"""Le Freak""",Chic
"""Da Ya Think I'm Sexy?""",Rod Stewart
"""I Will Survive""",Gloria Gaynor
"""Tragedy""",Bee Gees
"""What a Fool Believes""",The Doobie Brothers
"""Knock on Wood""",Amii Stewart
"""Heart of Glass""",Blondie
"""Reunited""",Peaches & Herb
"""Hot Stuff""",Donna Summer
"""Love You Inside Out""",Bee Gees
"""Ring My Bell""",Anita Ward
"""Bad Girls""",Donna Summer
"""Good Times""",Chic
"""My Sharona""",The Knack
"""Sad Eyes""",Robert John
"""Don't Stop 'Til You Get Enough""",Michael Jackson
"""Rise""",Herb Alpert
"""Pop Muzik""",M
"""Heartache Tonight""",Eagles
"""Still""",Commodores
"""No More Tears (Enough Is Enough)""",Barbra Streisand and Donna Summer
"""Babe""",Styx
"""Escape (The Piña Colada Song)""",Rupert Holmes
"""Please Don't Go""",KC and the Sunshine Band
"""Escape (The Piña Colada Song)""",Rupert Holmes
"""Rock with You""",Michael Jackson
"""Do That to Me One More Time""",Captain & Tennille
"""Crazy Little Thing Called Love""",Queen
"""Another Brick in the Wall, Part II""",Pink Floyd
"""Call Me""",Blondie
"""Funkytown""",Lipps Inc.
"""Coming Up""",Paul McCartney
"""It's Still Rock and Roll to Me""",Billy Joel
"""Magic""",Olivia Newton-John
"""Sailing""",Christopher Cross
"""Upside Down""",Diana Ross
"""Another One Bites the Dust""",Queen
"""Woman in Love""",Barbra Streisand
"""Lady""",Kenny Rogers
"""(Just Like) Starting Over""",John Lennon
"""(Just Like) Starting Over""",John Lennon
"""The Tide Is High""",Blondie
"""Celebration""",Kool & the Gang
"""9 to 5""",Dolly Parton
"""I Love a Rainy Night""",Eddie Rabbitt
"""Keep On Loving You""",REO Speedwagon
"""Rapture""",Blondie
"""Kiss on My List""",Daryl Hall and John Oates
"""Morning Train (Nine to Five)""",Sheena Easton
"""Bette Davis Eyes""",Kim Carnes
"""Stars on 45""",Stars on 45
"""The One That You Love""",Air Supply
"""Jessie's Girl""",Rick Springfield
"""Endless Love""",Diana Ross and Lionel Richie
"""Arthur's Theme (Best That You Can Do)""",Christopher Cross
"""Private Eyes""",Daryl Hall and John Oates
"""Physical""",Olivia Newton-John
"""Physical""",Olivia Newton-John
"""I Can't Go for That (No Can Do)""",Daryl Hall and John Oates
"""Centerfold""",The J. Geils Band
"""I Love Rock 'n' Roll""",Joan Jett and the Blackhearts
"""Chariots of Fire""",Vangelis
"""Ebony and Ivory""",Paul McCartney and Stevie Wonder
"""Don't You Want Me""",The Human League
"""Eye of the Tiger""",Survivor
"""Abracadabra""",Steve Miller Band
"""Hard to Say I'm Sorry""",Chicago
"""Jack & Diane""",John Cougar
"""Who Can It Be Now?""",Men at Work
"""Up Where We Belong""",Joe Cocker and Jennifer Warnes
"""Truly""",Lionel Richie
"""Mickey""",Toni Basil
"""Maneater""",Daryl Hall and John Oates
"""Maneater""",Daryl Hall and John Oates
"""Down Under""",Men at Work
"""Africa""",Toto
"""Baby, Come to Me""",Patti Austin and James Ingram
"""Billie Jean""",Michael Jackson
"""Come On Eileen""",Dexys Midnight Runners
"""Beat It""",Michael Jackson
"""Let's Dance""",David Bowie
"""Flashdance... What a Feeling""",Irene Cara
"""Every Breath You Take""",The Police
"""Sweet Dreams (Are Made of This)""",Eurythmics
"""Maniac""",Michael Sembello
"""Tell Her About It""",Billy Joel
"""Total Eclipse of the Heart""",Bonnie Tyler
"""Islands in the Stream""",Kenny Rogers and Dolly Parton
"""All Night Long (All Night)""",Lionel Richie
"""Say Say Say""",Paul McCartney and Michael Jackson
"""Say Say Say""",Paul McCartney and Michael Jackson
"""Owner of a Lonely Heart""",Yes
"""Karma Chameleon""",Culture Club
"""Jump""",Van Halen
"""Footloose""",Kenny Loggins
"""Against All Odds (Take a Look at Me Now)""",Phil Collins
"""Hello""",Lionel Richie
"""Let's Hear It for the Boy""",Deniece Williams
"""Time After Time""",Cyndi Lauper
"""The Reflex""",Duran Duran
"""When Doves Cry""",Prince
"""Ghostbusters""",Ray Parker Jr.
"""What's Love Got to Do with It""",Tina Turner
"""Missing You""",John Waite
"""Let's Go Crazy""",Prince and the Revolution
"""I Just Called to Say I Love You""",Stevie Wonder
"""Caribbean Queen (No More Love on the Run)""",Billy Ocean
"""Wake Me Up Before You Go-Go""",Wham!
"""Out of Touch""",Daryl Hall and John Oates
"""Like a Virgin""",Madonna
"""Like a Virgin""",Madonna
"""I Want to Know What Love Is""",Foreigner
"""Careless Whisper""",Wham! featuring George Michael
"""Can't Fight This Feeling""",REO Speedwagon
"""One More Night""",Phil Collins
"""We Are the World""",USA for Africa
"""Crazy for You""",Madonna
"""Don't You (Forget About Me)""",Simple Minds
"""Everything She Wants""",Wham!
"""Everybody Wants to Rule the World""",Tears for Fears
"""Heaven""",Bryan Adams
"""Sussudio""",Phil Collins
"""A View to a Kill""",Duran Duran
"""Everytime You Go Away""",Paul Young
"""Shout""",Tears for Fears
"""The Power of Love""",Huey Lewis and the News
"""St. Elmo's Fire (Man in Motion)""",John Parr
"""Money for Nothing""",Dire Straits
"""Oh Sheila""",Ready for the World
"""Take On Me""",a-ha
"""Saving All My Love for You""",Whitney Houston
"""Part-Time Lover""",Stevie Wonder
"""Miami Vice Theme""",Jan Hammer
"""We Built This City""",Starship
"""Separate Lives""",Phil Collins and Marilyn Martin
"""Broken Wings""",Mr. Mister
"""Say You, Say Me""",Lionel Richie
"""Say You, Say Me""",Lionel Richie
"""That's What Friends Are For""",Dionne and Friends
"""How Will I Know""",Whitney Houston
"""Kyrie""",Mr. Mister
"""Sara""",Starship
"""These Dreams""",Heart
"""Rock Me Amadeus""",Falco
"""Kiss""",Prince and the Revolution
"""Addicted to Love""",Robert Palmer
"""West End Girls""",Pet Shop Boys
"""Greatest Love of All""",Whitney Houston
"""Live to Tell""",Madonna
"""On My Own""",Patti LaBelle and Michael McDonald
"""There'll Be Sad Songs (To Make You Cry)""",Billy Ocean
"""Holding Back the Years""",Simply Red
"""Invisible Touch""",Genesis
"""Sledgehammer""",Peter Gabriel
"""Glory of Love""",Peter Cetera
"""Papa Don't Preach""",Madonna
"""Higher Love""",Steve Winwood
"""Venus""",Bananarama
"""Take My Breath Away""",Berlin
"""Stuck with You""",Huey Lewis and the News
"""When I Think of You""",Janet Jackson
"""True Colors""",Cyndi Lauper
"""Amanda""",Boston
"""Human""",The Human League
"""You Give Love a Bad Name""",Bon Jovi
"""The Next Time I Fall""",Peter Cetera and Amy Grant
"""The Way It Is""",Bruce Hornsby & the Range
"""Walk Like an Egyptian""",The Bangles
"""Walk Like an Egyptian""",The Bangles
"""Shake You Down""",Gregory Abbott
"""At This Moment""",Billy Vera and the Beaters
"""Open Your Heart""",Madonna
"""Livin' on a Prayer""",Bon Jovi
"""Jacob's Ladder""",Huey Lewis and the News
"""Lean on Me""",Club Nouveau
"""Nothing's Gonna Stop Us Now""",Starship
"""I Knew You Were Waiting (For Me)""",Aretha Franklin and George Michael
"""(I Just) Died in Your Arms""",Cutting Crew
"""With or Without You""",U2
"""You Keep Me Hangin' On""",Kim Wilde
"""Always""",Atlantic Starr
"""Head to Toe""",Lisa Lisa and Cult Jam
"""I Wanna Dance with Somebody (Who Loves Me)""",Whitney Houston
"""Alone""",Heart
"""Shakedown""",Bob Seger
"""I Still Haven't Found What I'm Looking For""",U2
"""Who's That Girl""",Madonna
"""La Bamba""",Los Lobos
"""I Just Can't Stop Loving You""",Michael Jackson with Siedah Garrett
"""Didn't We Almost Have It All""",Whitney Houston
"""Here I Go Again""",Whitesnake
"""Lost in Emotion""",Lisa Lisa and Cult Jam
"""Bad""",Michael Jackson
"""I Think We're Alone Now""",Tiffany
"""Mony Mony""",Billy Idol
"""(I've Had) The Time of My Life""",Bill Medley and Jennifer Warnes
"""Heaven Is a Place on Earth""",Belinda Carlisle
"""Faith""",George Michael
"""Faith""",George Michael
"""So Emotional""",Whitney Houston
"""Got My Mind Set on You""",George Harrison
"""The Way You Make Me Feel""",Michael Jackson
"""Need You Tonight""",INXS
"""Could've Been""",Tiffany
"""Seasons Change""",Exposé
"""Father Figure""",George Michael
"""Never Gonna Give You Up""",Rick Astley
"""Man in the Mirror""",Michael Jackson
"""Get Outta My Dreams, Get into My Car""",Billy Ocean
"""Where Do Broken Hearts Go""",Whitney Houston
"""Wishing Well""",Terence Trent D'Arby
"""Anything for You""",Gloria Estefan and Miami Sound Machine
"""One More Try""",George Michael
"""Together Forever""",Rick Astley
"""Foolish Beat""",Debbie Gibson
"""Dirty Diana""",Michael Jackson
"""The Flame""",Cheap Trick
"""Hold On to the Nights""",Richard Marx
"""Roll With It""",Steve Winwood
"""Monkey""",George Michael
"""Sweet Child o' Mine""",Guns N' Roses
"""Don't Worry, Be Happy""",Bobby McFerrin
"""Love Bites""",Def Leppard
"""Red Red Wine""",UB40
"""A Groovy Kind of Love""",Phil Collins
"""Kokomo""",The Beach Boys
"""Wild, Wild West""",The Escape Club
"""Bad Medicine""",Bon Jovi
"""Baby, I Love Your Way/Freebird Medley""",Will to Power
"""Look Away""",Chicago
"""Every Rose Has Its Thorn""",Poison
"""Every Rose Has Its Thorn""",Poison
"""My Prerogative""",Bobby Brown
"""Two Hearts""",Phil Collins
"""When I'm with You""",Sheriff
"""Straight Up""",Paula Abdul
"""Lost in Your Eyes""",Debbie Gibson
"""The Living Years""",Mike + the Mechanics
"""Eternal Flame""",The Bangles
"""The Look""",Roxette
"""She Drives Me Crazy""",Fine Young Cannibals
"""Like a Prayer""",Madonna
"""I'll Be There for You""",Bon Jovi
"""Forever Your Girl""",Paula Abdul
"""Rock On""",Michael Damian
"""Wind Beneath My Wings""",Bette Midler
"""I'll Be Loving You (Forever)""",New Kids on the Block
"""Satisfied""",Richard Marx
"""Baby Don't Forget My Number""",Milli Vanilli
"""Good Thing""",Fine Young Cannibals
"""If You Don't Know Me by Now""",Simply Red
"""Toy Soldiers""",Martika
"""Batdance""",Prince
"""Right Here Waiting""",Richard Marx
"""Cold Hearted""",Paula Abdul
"""Hangin' Tough""",New Kids on the Block
"""Don't Wanna Lose You""",Gloria Estefan
"""Girl I'm Gonna Miss You""",Milli Vanilli
"""Miss You Much""",Janet Jackson
"""Listen to Your Heart""",Roxette
"""When I See You Smile""",Bad English
"""Blame It on the Rain""",Milli Vanilli
"""We Didn't Start the Fire""",Billy Joel
"""Another Day in Paradise""",Phil Collins
"""Another Day in Paradise""",Phil Collins
"""How Am I Supposed to Live Without You""",Michael Bolton
"""Opposites Attract""",Paula Abdul with The Wild Pair
"""Escapade""",Janet Jackson
"""Black Velvet""",Alannah Myles
"""Love Will Lead You Back""",Taylor Dayne
"""I'll Be Your Everything""",Tommy Page
"""Nothing Compares 2 U""",Sinéad O'Connor
"""Vogue""",Madonna
"""Hold On""",Wilson Phillips
"""It Must Have Been Love""",Roxette
"""Step by Step""",New Kids on the Block
"""She Ain't Worth It""",Glenn Medeiros featuring Bobby Brown
"""Vision of Love""",Mariah Carey
"""If Wishes Came True""",Sweet Sensation
"""Blaze of Glory""",Jon Bon Jovi
"""Release Me""",Wilson Phillips
"""(Can't Live Without Your) Love and Affection""",Nelson
"""Close to You""",Maxi Priest
"""Praying for Time""",George Michael
"""I Don't Have the Heart""",James Ingram
"""Black Cat""",Janet Jackson
"""Ice Ice Baby""",Vanilla Ice
"""Love Takes Time""",Mariah Carey
"""I'm Your Baby Tonight""",Whitney Houston
"""Because I Love You (The Postman Song)""",Stevie B
"""Justify My Love""",Madonna
"""Love Will Never Do (Without You)""",Janet Jackson
"""The First Time""",Surface
"""Gonna Make You Sweat (Everybody Dance Now)""",C+C Music Factory  featuring Freedom Williams
"""All the Man That I Need""",Whitney Houston
"""Someday""",Mariah Carey
"""One More Try""",Timmy T
"""Coming Out of the Dark""",Gloria Estefan
"""I've Been Thinking About You""",Londonbeat
"""You're in Love""",Wilson Phillips
"""Baby Baby""",Amy Grant
"""Joyride""",Roxette
"""I Like the Way (The Kissing Game)""",Hi-Five
"""I Don't Wanna Cry""",Mariah Carey
"""More Than Words""",Extreme
"""Rush Rush""",Paula Abdul
"""Unbelievable""",EMF
"""(Everything I Do) I Do It for You""",Bryan Adams
"""The Promise of a New Day""",Paula Abdul
"""I Adore Mi Amor""",Color Me Badd
"""Good Vibrations""",Marky Mark and the Funky Bunch  featuring Loleatta Holloway
"""Emotions""",Mariah Carey
"""Romantic""",Karyn White
"""Cream""",Prince and the New Power Generation
"""When a Man Loves a Woman""",Michael Bolton
The Billboard Hot 100 now derives its sales data from Nielsen SoundScan and radio airplay from BDS for its chart positions.,The Billboard Hot 100 now derives its sales data from Nielsen SoundScan and radio airplay from BDS for its chart positions.
"""Set Adrift on Memory Bliss""",P.M. Dawn
"""Black or White""",Michael Jackson
"""Black or White""",Michael Jackson
"""All 4 Love""",Color Me Badd
"""Don't Let the Sun Go Down on Me""",George Michael and Elton John
"""I'm Too Sexy""",Right Said Fred
"""To Be with You""",Mr. Big
"""Save the Best for Last""",Vanessa Williams
"""Jump""",Kris Kross
"""I'll Be There""",Mariah Carey
"""Baby Got Back""",Sir Mix-a-Lot
"""This Used to Be My Playground""",Madonna
"""End of the Road""",Boyz II Men
"""How Do You Talk to an Angel""",The Heights
"""I Will Always Love You""",Whitney Houston
"""I Will Always Love You""",Whitney Houston
"""A Whole New World""",Peabo Bryson and Regina Belle
"""Informer""",Snow
"""Freak Me""",Silk
"""That's the Way Love Goes""",Janet Jackson
"""Weak""",SWV
"""Can't Help Falling in Love""",UB40
"""Dreamlover""",Mariah Carey
"""I'd Do Anything for Love (But I Won't Do That)""",Meat Loaf
"""Again""",Janet Jackson
"""Hero""",Mariah Carey
"""Hero""",Mariah Carey
"""All for Love""",Bryan Adams / Rod Stewart / Sting
"""The Power of Love""",Céline Dion
"""The Sign""",Ace of Base
"""Bump n' Grind""",R. Kelly
"""I Swear""",All-4-One
"""Stay (I Missed You)""",Lisa Loeb & Nine Stories
"""I'll Make Love to You""",Boyz II Men
"""On Bended Knee""",Boyz II Men
"""Here Comes the Hotstepper""",Ini Kamoze
"""On Bended Knee""",Boyz II Men
"""Creep""",TLC
"""Take a Bow""",Madonna
"""This Is How We Do It""",Montell Jordan
"""Have You Ever Really Loved a Woman?""",Bryan Adams
"""Waterfalls""",TLC
"""Kiss from a Rose""",Seal
"""You Are Not Alone""",Michael Jackson
"""Gangsta's Paradise""",Coolio featuring L.V.
"""Fantasy""",Mariah Carey
"""Exhale (Shoop Shoop)""",Whitney Houston
"""One Sweet Day""",Mariah Carey and Boyz II Men
"""One Sweet Day""",Mariah Carey and Boyz II Men
"""Because You Loved Me""",Céline Dion
"""Always Be My Baby""",Mariah Carey
"""Tha Crossroads""",Bone Thugs-n-Harmony
"""How Do U Want It"" / ""California Love""",2Pac featuring K-Ci & JoJo / featuring Dr. Dre and Roger Troutman
"""You're Makin' Me High"" / ""Let It Flow""",Toni Braxton
"""Macarena"" (Bayside Boys Mix)",Los del Río
"""No Diggity""",Blackstreet featuring Dr. Dre
"""Un-Break My Heart""",Toni Braxton
"""Un-Break My Heart""",Toni Braxton
"""Wannabe""",Spice Girls
"""Can't Nobody Hold Me Down""",Puff Daddy featuring Mase
"""Hypnotize""",The Notorious B.I.G.
"""MMMBop""",Hanson
"""I'll Be Missing You""",Puff Daddy and Faith Evans featuring 112
"""Mo Money Mo Problems""",The Notorious B.I.G. featuring Puff Daddy and Mase
"""Honey""",Mariah Carey
"""4 Seasons of Loneliness""",Boyz II Men
"""Candle in the Wind 1997"" / ""Something About the Way You Look Tonight""",Elton John
"""Candle in the Wind 1997"" / ""Something About the Way You Look Tonight""",Elton John
"""Truly Madly Deeply""",Savage Garden
"""Together Again""",Janet
"""Nice & Slow""",Usher
"""My Heart Will Go On""",Céline Dion
"""Gettin' Jiggy wit It”",Will Smith
"""All My Life""",K-Ci & JoJo
"""Too Close""",Next
"""My All""",Mariah Carey
"""The Boy Is Mine""",Brandy and Monica
"""I Don't Want to Miss a Thing""",Aerosmith
"""The First Night""",Monica
"""One Week""",Barenaked Ladies
"""Doo Wop (That Thing)""",Lauryn Hill
"""Lately""",Divine
The Billboard Hot 100 updates its chart formula to include airplay-only songs that never had a commercial single release.,The Billboard Hot 100 updates its chart formula to include airplay-only songs that never had a commercial single release.
"""I'm Your Angel""",R. Kelly and Céline Dion
"""I'm Your Angel""",R. Kelly and Céline Dion
"""Have You Ever?""",Brandy
"""...Baby One More Time""",Britney Spears
"""Angel of Mine""",Monica
"""Believe""",Cher
"""No Scrubs""",TLC
"""Livin' la Vida Loca""",Ricky Martin
"""If You Had My Love""",Jennifer Lopez
"""Bills, Bills, Bills""",Destiny's Child
"""Wild Wild West""",Will Smith featuring Dru Hill and Kool Moe Dee
"""Genie in a Bottle""",Christina Aguilera
"""Bailamos""",Enrique Iglesias
"""Unpretty""",TLC
"""Heartbreaker""",Mariah Carey featuring Jay-Z
"""Smooth""",Santana featuring Rob Thomas
"""Smooth""",Santana featuring Rob Thomas
"""What a Girl Wants""",Christina Aguilera
"""I Knew I Loved You""",Savage Garden
"""Thank God I Found You""",Mariah Carey featuring Joe and 98 Degrees
"""Amazed""",Lonestar
"""Say My Name""",Destiny's Child
"""Maria Maria""",Santana featuring The Product G&B
"""Try Again""",Aaliyah
"""Be with You""",Enrique Iglesias
"""Everything You Want""",Vertical Horizon
"""Bent""",Matchbox Twenty
"""It's Gonna Be Me""",NSYNC
"""Incomplete""",Sisqó
"""Doesn't Really Matter""",Janet
"""Music""",Madonna
"""Come On Over Baby (All I Want Is You)""",Christina Aguilera
"""With Arms Wide Open""",Creed
"""Independent Women""",Destiny's Child
"""Independent Women""",Destiny's Child
"""It Wasn't Me""","Shaggy featuring Ricardo ""RikRok"" Ducent"
"""Ms. Jackson""",OutKast
"""Stutter""",Joe featuring Mystikal
"""Butterfly""",Crazy Town
"""Angel""",Shaggy featuring Rayvon
"""All for You""",Janet Jackson
"""Lady Marmalade""","Christina Aguilera, Lil' Kim, Mýa and Pink"
"""U Remind Me""",Usher
"""Bootylicious""",Destiny's Child
"""Fallin'""",Alicia Keys
"""I'm Real (Murder Remix)""",Jennifer Lopez featuring Ja Rule
"""Family Affair""",Mary J. Blige
"""U Got It Bad""",Usher
"""How You Remind Me""",Nickelback
"""How You Remind Me""",Nickelback
"""U Got It Bad""",Usher
"""Always on Time""",Ja Rule featuring Ashanti
"""Ain't It Funny (Murder Remix)""",Jennifer Lopez featuring Ja Rule
"""Foolish""",Ashanti
"""Hot in Herre""",Nelly
"""Dilemma""",Nelly featuring Kelly Rowland
"""A Moment Like This""",Kelly Clarkson
"""Lose Yourself""",Eminem
"""Lose Yourself""",Eminem
"""Bump, Bump, Bump""",B2K featuring P. Diddy
"""All I Have""",Jennifer Lopez featuring LL Cool J
"""In da Club""",50 Cent
"""Get Busy""",Sean Paul
"""21 Questions""",50 Cent featuring Nate Dogg
"""This Is the Night""",Clay Aiken
"""Crazy in Love""",Beyoncé featuring Jay-Z
"""Shake Ya Tailfeather""","Nelly, P. Diddy and Murphy Lee"
"""Baby Boy""",Beyoncé featuring Sean Paul
"""Stand Up""",Ludacris featuring Shawnna
"""Hey Ya!""",OutKast
"""Hey Ya!""",OutKast
"""The Way You Move""",OutKast featuring Sleepy Brown
"""Slow Jamz""",Twista featuring Kanye West and Jamie Foxx
"""Yeah!""",Usher featuring Lil Jon and Ludacris
"""Burn""",Usher
"""I Believe""",Fantasia
"""Confessions Part II""",Usher
"""Slow Motion""",Juvenile featuring Soulja Slim
"""Lean Back""",Terror Squad
"""Goodies""",Ciara featuring Petey Pablo
"""My Boo""",Usher and Alicia Keys
"""Drop It Like It's Hot""",Snoop Dogg featuring Pharrell
"""Let Me Love You""",Mario
"""Candy Shop""",50 Cent featuring Olivia
"""Hollaback Girl""",Gwen Stefani
"""We Belong Together""",Mariah Carey
"""Inside Your Heaven""",Carrie Underwood
"""Gold Digger""",Kanye West featuring Jamie Foxx
"""Run It!""",Chris Brown
"""Don't Forget About Us""",Mariah Carey
"""Don't Forget About Us""",Mariah Carey
"""Laffy Taffy""",D4L
"""Grillz""","Nelly featuring Paul Wall, Ali & Gipp"
"""Check on It""",Beyoncé featuring Slim Thug
"""You're Beautiful""",James Blunt
"""So Sick""",Ne-Yo
"""Temperature""",Sean Paul
"""Bad Day""",Daniel Powter
"""SOS""",Rihanna
"""Ridin'""",Chamillionaire featuring Krayzie Bone
"""Hips Don't Lie""",Shakira featuring Wyclef Jean
"""Do I Make You Proud""",Taylor Hicks
"""Promiscuous""",Nelly Furtado featuring Timbaland
"""London Bridge""",Fergie
"""SexyBack""",Justin Timberlake
"""Money Maker""",Ludacris featuring Pharrell
"""My Love""",Justin Timberlake featuring T.I.
"""I Wanna Love You""",Akon featuring Snoop Dogg
"""Irreplaceable""",Beyoncé
"""Irreplaceable""",Beyoncé
"""Say It Right""",Nelly Furtado
"""What Goes Around...Comes Around""",Justin Timberlake
"""This Is Why I'm Hot""",Mims
"""Glamorous""",Fergie featuring Ludacris
"""Don't Matter""",Akon
"""Give It to Me""",Timbaland featuring Nelly Furtado and Justin Timberlake
"""Girlfriend""",Avril Lavigne
"""Makes Me Wonder""",Maroon 5
"""Buy U a Drank (Shawty Snappin')""",T-Pain featuring Yung Joc
"""Umbrella""",Rihanna featuring Jay-Z
"""Hey There Delilah""",Plain White T's
"""Beautiful Girls""",Sean Kingston
"""Big Girls Don't Cry""",Fergie
"""Crank That (Soulja Boy)""",Soulja Boy Tell 'Em
"""Stronger""",Kanye West
"""Kiss Kiss""",Chris Brown featuring T-Pain
"""No One""",Alicia Keys
"""Low""",Flo Rida featuring T-Pain
"""Love in This Club""",Usher featuring Young Jeezy
"""Bleeding Love""",Leona Lewis
"""Touch My Body""",Mariah Carey
"""Lollipop""",Lil Wayne featuring Static Major
"""Take a Bow""",Rihanna
"""Viva la Vida""",Coldplay
"""I Kissed a Girl""",Katy Perry
"""Disturbia""",Rihanna
"""Whatever You Like""",T.I.
"""So What""",Pink
"""Live Your Life""",T.I. featuring Rihanna
"""Womanizer""",Britney Spears
"""Single Ladies (Put a Ring on It)""",Beyoncé
"""Single Ladies (Put a Ring on It)""",Beyoncé
"""Just Dance""",Lady Gaga featuring Colby O'Donis
"""My Life Would Suck Without You""",Kelly Clarkson
"""Crack a Bottle""","Eminem, Dr. Dre and 50 Cent"
"""Right Round""",Flo Rida
"""Poker Face""",Lady Gaga
"""Boom Boom Pow""",The Black Eyed Peas
"""I Gotta Feeling""",The Black Eyed Peas
"""Down""",Jay Sean featuring Lil Wayne
"""3""",Britney Spears
"""Fireflies""",Owl City
"""Whatcha Say""",Jason Derulo
"""Empire State of Mind""",Jay-Z and Alicia Keys
"""Tik Tok""",Kesha
"""Imma Be""",The Black Eyed Peas
"""Break Your Heart""",Taio Cruz featuring Ludacris
"""Rude Boy""",Rihanna
"""Nothin' on You""",B.o.B featuring Bruno Mars
"""OMG""",Usher featuring will.i.am
"""Not Afraid""",Eminem
"""California Gurls""",Katy Perry featuring Snoop Dogg
"""Love the Way You Lie""",Eminem featuring Rihanna
"""Teenage Dream""",Katy Perry
"""Just the Way You Are""",Bruno Mars
"""Like a G6""",Far East Movement featuring The Cataracs and Dev
"""We R Who We R""",Kesha
"""What's My Name?""",Rihanna featuring Drake
"""Only Girl (In the World)""",Rihanna
"""Raise Your Glass""",Pink
"""Firework""",Katy Perry
"""Firework""",Katy Perry
"""Grenade""",Bruno Mars
"""Hold It Against Me""",Britney Spears
"""Black and Yellow""",Wiz Khalifa
"""Born This Way""",Lady Gaga
"""E.T.""",Katy Perry featuring Kanye West
"""S&M""",Rihanna featuring Britney Spears
"""Rolling in the Deep""",Adele
"""Give Me Everything""","Pitbull featuring Ne-Yo, Afrojack and Nayer"
"""Party Rock Anthem""",LMFAO featuring Lauren Bennett and GoonRock
"""Last Friday Night (T.G.I.F.)""",Katy Perry
"""Moves Like Jagger""",Maroon 5 featuring Christina Aguilera
"""Someone Like You""",Adele
"""We Found Love""",Rihanna featuring Calvin Harris
"""Sexy and I Know It""",LMFAO
"""We Found Love""",Rihanna featuring Calvin Harris
"""Set Fire to the Rain""",Adele
"""Stronger (What Doesn't Kill You)""",Kelly Clarkson
"""Part of Me""",Katy Perry
"""We Are Young""",Fun featuring Janelle Monáe
"""Somebody That I Used to Know""",Gotye featuring Kimbra
"""Call Me Maybe""",Carly Rae Jepsen
"""Whistle""",Flo Rida
"""We Are Never Ever Getting Back Together""",Taylor Swift
"""One More Night""",Maroon 5
"""Diamonds""",Rihanna
"""Locked Out of Heaven""",Bruno Mars
"""Locked Out of Heaven""",Bruno Mars
"""Thrift Shop"" [4]",Macklemore & Ryan Lewis featuring Wanz
"""Harlem Shake""",Baauer
"""When I Was Your Man""",Bruno Mars
"""Just Give Me a Reason""",Pink featuring Nate Ruess
"""Can't Hold Us""",Macklemore & Ryan Lewis featuring Ray Dalton
"""Blurred Lines""",Robin Thicke featuring T.I. and Pharrell
"""Roar""",Katy Perry
"""Wrecking Ball""",Miley Cyrus
"""Royals""",Lorde
"""The Monster""",Eminem featuring Rihanna
"""The Monster""",Eminem featuring Rihanna
"""Timber""",Pitbull featuring Kesha
"""Dark Horse""",Katy Perry featuring Juicy J
"""Happy"" [1]",Pharrell Williams
"""All of Me""",John Legend
"""Fancy""",Iggy Azalea featuring Charli XCX
"""Rude""",Magic!
"""Shake It Off""",Taylor Swift
"""All About That Bass""",Meghan Trainor
"""Blank Space""",Taylor Swift
"""Blank Space""",Taylor Swift
"""Uptown Funk""",Mark Ronson featuring Bruno Mars
"""See You Again""",Wiz Khalifa featuring Charlie Puth
"""Bad Blood""",Taylor Swift featuring Kendrick Lamar
"""Cheerleader""",Omi
"""Can't Feel My Face""",The Weeknd
"""What Do You Mean?""",Justin Bieber
"""The Hills""",The Weeknd
"""Hello""",Adele
"""Hello""",Adele
"""Sorry""",Justin Bieber
"""Love Yourself""",Justin Bieber
"""Pillowtalk""",Zayn
"""Work""",Rihanna featuring Drake
"""Panda""",Desiigner
"""One Dance""",Drake featuring Wizkid and Kyla
"""Can't Stop the Feeling!""",Justin Timberlake
"""Cheap Thrills""",Sia featuring Sean Paul
"""Closer""",The Chainsmokers featuring Halsey
"""Black Beatles""",Rae Sremmurd featuring Gucci Mane
"""Starboy""",The Weeknd featuring Daft Punk
"""Black Beatles""",Rae Sremmurd featuring Gucci Mane
"""Bad and Boujee""",Migos featuring Lil Uzi Vert
"""Shape of You""",Ed Sheeran
"""Humble""",Kendrick Lamar
"""That's What I Like""",Bruno Mars
"""I'm the One""","DJ Khaled featuring Justin Bieber, Quavo, Chance the Rapper and Lil Wayne"
"""Despacito""",Luis Fonsi and Daddy Yankee featuring Justin Bieber
"""Look What You Made Me Do""",Taylor Swift
"""Bodak Yellow""",Cardi B
"""Rockstar""",Post Malone featuring 21 Savage
"""Perfect""",Ed Sheeran and Beyoncé
"""Perfect""",Ed Sheeran and Beyoncé
"""Havana""",Camila Cabello featuring Young Thug
"""God's Plan""",Drake
"""Nice for What""",Drake
"""This Is America""",Childish Gambino
"""Psycho""",Post Malone featuring Ty Dolla Sign
"""Sad!""",XXXTentacion
"""I Like It""","Cardi B, Bad Bunny and J Balvin"
"""In My Feelings""",Drake
"""Girls Like You""",Maroon 5 featuring Cardi B
"""Thank U, Next""",Ariana Grande
"""Sicko Mode""",Travis Scott
"""Thank U, Next""",Ariana Grande
"""Without Me""",Halsey
"""Sunflower""",Post Malone and Swae Lee
"""7 Rings""",Ariana Grande
"""Shallow""",Lady Gaga and Bradley Cooper
"""Sucker""",Jonas Brothers
"""Old Town Road""",Lil Nas X
"""Bad Guy""",Billie Eilish
"""Señorita""",Shawn Mendes and Camila Cabello
"""Truth Hurts""",Lizzo
"""Highest in the Room""",Travis Scott
"""Someone You Loved""",Lewis Capaldi
"""Lose You to Love Me""",Selena Gomez
"""Circles""",Post Malone
"""Heartless""",The Weeknd
"""All I Want for Christmas Is You""",Mariah Carey
"""All I Want for Christmas Is You""",Mariah Carey
"""Circles""",Post Malone
"""The Box""",Roddy Ricch
"""Blinding Lights""",The Weeknd
"""Toosie Slide""",Drake
"""The Scotts""","The Scotts,[a] Travis Scott and Kid Cudi"
"""Say So""",Doja Cat featuring Nicki Minaj
"""Stuck with U""",Ariana Grande and Justin Bieber
"""Savage""",Megan Thee Stallion featuring Beyoncé
"""Rain on Me""",Lady Gaga and Ariana Grande
"""Rockstar""",DaBaby featuring Roddy Ricch
"""Trollz""",6ix9ine and Nicki Minaj
"""Cardigan""",Taylor Swift
"""Watermelon Sugar""",Harry Styles
"""WAP""",Cardi B featuring Megan Thee Stallion
"""Dynamite""",BTS
"""Franchise""",Travis Scott featuring Young Thug and M.I.A.
"""Savage Love (Laxed – Siren Beat)""","Jawsh 685, Jason Derulo and BTS"
"""Mood""",24kGoldn featuring Iann Dior
"""Positions""",Ariana Grande
"""Life Goes On""",BTS
"""Willow""",Taylor Swift
"""All I Want for Christmas Is You""",Mariah Carey
"""Mood""",24kGoldn featuring Iann Dior
"""Drivers License""",Olivia Rodrigo
"""What's Next""",Drake
"""Up""",Cardi B
"""Peaches""",Justin Bieber featuring Daniel Caesar and Giveon
"""Montero (Call Me by Your Name)""",Lil Nas X
"""Leave the Door Open""",Silk Sonic (Bruno Mars and Anderson .Paak)[note 1]
"""Rapstar""",Polo G
"""Save Your Tears""",The Weeknd and Ariana Grande
"""Good 4 U""",Olivia Rodrigo
"""Butter""",BTS
"""Permission to Dance""",BTS
"""Stay""",The Kid Laroi and Justin Bieber
"""Way 2 Sexy""",Drake featuring Future and Young Thug
"""My Universe""",Coldplay and BTS
"""Industry Baby""",Lil Nas X and Jack Harlow
"""Easy on Me""",Adele
"""All Too Well (Taylor's Version)""",Taylor Swift
"""All I Want for Christmas Is You""",Mariah Carey
"""Easy on Me""",Adele
"""We Don't Talk About Bruno""","Carolina Gaitán, Mauro Castillo, Adassa, Rhenzy Feliz, Diane Guerrero, Stephanie Beatriz and the Encanto cast"
"""Heat Waves""",Glass Animals
"""As It Was""",Harry Styles
"""First Class""",Jack Harlow
"""Wait for U""",Future featuring Drake and Tems
"""Jimmy Cooks""",Drake featuring 21 Savage
"""About Damn Time""",Lizzo
"""Break My Soul""",Beyoncé
"""Super Freaky Girl""",Nicki Minaj
"""Bad Habit""",Steve Lacy
"""Unholy""",Sam Smith and Kim Petras
"""Anti-Hero""",Taylor Swift
"""All I Want for Christmas Is You""",Mariah Carey
"""Anti-Hero""",Taylor Swift
"""Flowers""",Miley Cyrus
"""Die for You""",The Weeknd and Ariana Grande
"""Last Night""",Morgan Wallen
"""Like Crazy""",Jimin
"""Kill Bill""",SZA
