Song,Film,Year
Apni To Jaise Taise,Laawaris,1981.0
Aa Ab Laut Chalen,Jis Desh Men Ganga Behti Hai,1960.0
Aa Ja Re Aa Zara Aa,Love In Tokyo,1966.0
Aa Ja Re Ab Mera Dil Pukaara,Aah,1953.0
Aa Ja Re Pardesi (Main To Kab Se),Madhumati,1958.0
Aa Ja Sanam Meri Jaan Chali,Khilaf,1991.0
Aa Jaane Jaan,Intaqam,1969.0
Aa Jao Aa Jaayo Naag Raaja Tum,Maqsad,1984.0
Aa Zara Kareeb Se,Murder 2,2011.0
Aadmi Musaafir Hai,Apnapan,1977.0
Aagaaz,Cypher,2019.0
Aage Bhi Jaane Na Tu,Waqt,1965.0
Aaiye Aap Ko Main Apne Bangle Ki Sair,Joroo Ka Ghulam,1972.0
Aaj Gaa Lo Muskura Lo,Lalkar,1972.0
Aaj Hamaare Dil Me (Samdhi Samdhan),Hum Aapke Hain Koun,1994.0
Aaj Ki Raat Koyi Aane Ko Hai,Anamika,1973.0
Aaj Madhosh Hua Jaaye Re,Sharmeelee,1971.0
Aaj Mausam Bada Beimaan Hai Bada,Loafer,1973.0
Aaj Na Chhodenge Bas Humjoli,Kati Patang,1971.0
Aaj Phir Jeene Ki Tamanna Hai,Guide,1965.0
Aa Ja Sanam Madhu Chandni Me Hum,Chori Chori,1956.0
Aan Milo Sajna (Title Song),Aan Milo Sajna,1970.0
Aana Hai To Aa Raah Me,Naya Daur,1957.0
Aane Se Us Ke Aaye Bahaar,Jeene Ki Raah,1969.0
Aane Waala Pal Jaane Waala Hai,Gol Maal,1979.0
Aankhen Mili,Sanak,2021.0
Aankhon Ankhon Me Baat Hone Do,Aankhon Aankhon Mein,1972.0
Aankhon Ki Gustakhiyan,Hum Dil De Chuke Sanam,1999.0
Aankhon Se Jo Utri Hai Dil Me,Phir Wohi Dil Laya Hoon,1963.0
Aao Chalen Hum Wahaan,Hungama 2,2021.0
Aao Na Gale Lagao Na,Mere Jeevan Saathi,1972.0
Aap Ke Kamre Me Koyi Rahta Hai,Yaadon Ki Baaraat,1973.0
Aap Ke Peechhe Pad Gayi Main,Ek Nari Ek Brahmachari,1971.0
Aap Ke Pahloon Me Aa Kar Ro Diye,Mera Saaya,1966.0
Aap Ke Pyar Me Hum,Raaz,2002.0
Aap Mujhe Achchhe Lagne Lage,Jeene Ki Raah,1969.0
Aap Yahaan Aaye Kis Liye,Kal Aaj Aur Kal,1971.0
Aashiqui Aa Gayi,Radhe Shyam,2022.0
Aate Jaate Hue Main Sab Pe Nazar,Shaan,1980.0
Aaya Aaya Atariya Pe Koyi Chor,Mera Gaon Mera Desh,1971.0
Aaya Hoon Main Tujh Ko Le Jaaunga,Manoranjan,1974.0
Aaya Na Hum Ko Pyar Jataana,Pehchan,1970.0
Aaya Saawan Jhoom Ke (Title Song),Aya Sawan Jhoom Ke,1969.0
Aayegi Jaroor Chithhi Mere Naam Ki,Dulhan,1974.0
Aayi Aayi Bhoot Police,Bhoot Police,2021.0
Ab Agar Hum Se Khudayi Bhi Khafa,Laila Majnu,1976.0
Ab Mera Kaun Sahaara,Barsaat,1949.0
Ab Raat Guzarne Waali Hai,Awaara,1951.0
Ab To Hai Tum Se Har Khushi Apni,Abhimaan,1973.0
A B C D Chhodo Naino Se Naina Jodo,Raja Jani,1972.0
Abhi To Haath Me Jaam Hai,Seeta Aur Geeta,1973.0
Achchha To Hum Chalte Hain,Aan Milo Sajna,1970.0
Adaayen Bhi Hain,Dil Hai Ke Manta Nahin,1991.0
Aye Nargis-E-Mastaana,Arzoo,1965.0
Ae Naujawaan Hai Sab Kuchh Yahaan,Apradh,1972.0
Ae Phansa,Bobby,1973.0
Ae Phoolon Ki Rani,Arzoo,1965.0
Agar Dil Hamaara,Ek Kunwari Ek Kunwara,1973.0
Aila Re Aila,Khatta Meetha,2010.0
Aila Re Aillaa,Sooryavanshi,2021.0
Aise Na Chhoro,Non Filmy,2021.0
Aisi Deewangi Dekhi Nahi Kahin,Deewana,1992.0
Aisi Taisi Ho Gayi Sanskaar Ki,Shubh Mangal Zyada Saavdhan,2020.0
Aisi Waisi Na Samjh Sajna,Jaani Dushman,1979.0
Aji Hum Se Bach Kar,Arzoo,1965.0
Aji Rooth Kar Ab,Arzoo,1965.0
Albela Re Ruk Ja Na,Raampur Ka Lakshman,1972.0
Ameeron Ki Shaam Gareebon Ke Naam,Naam,1986.0
Angoor Ka Daana Hoon,Sanam Bewafa,1991.0
Ankhiyaan Milaaon Kabhi Ankhiyaan Churaoon,Raja,1995.0
Ankhiyon Ke Jharokhon Se (Title Song),Ankhiyon Ke Jaharokhon Se,1978.0
Ankhiyon Ko Rahne De,Bobby,1973.0
Apna Hai Tu Begaana Nahin,Mehboob Ki Mehndi,1971.0
Apni Aankhon Me Basa Kar,Thokar,1974.0
Apni Apni Biwi Pe Sab Ko Guroor Hai,Do Raaste,1969.0
Apni Prem Kahaniyaan,Mera Gaon Mera Desh,1971.0
Apno Ko Kab Hey Shyaam,Mere Jeevan Saathi,1972.0
Ashiqui Me Teri 2.0,Happy Hardy and Heer,2020.0
Aur Nahin Bas Aur Nahin,Roti Kapada Aur Makaan,1974.0
Aurat Ne Janam Diya Mardon Ko,Sadhna,1958.0
Aye Bhai Zara Dekh Ke Chalo,Mera Naam Joker,1970.0
Aye Dushman-E-Jaan Chal Diya Kahaan,Patthar Ke Sanam,1967.0
Aye Kaash Kisi Deewane Ko Hum Se Bhi Mohabbat,Aaye Din Bahar Ke,1966.0
Aye Maalik Tere Bande Hum,Do Ankhen Barah Haath,1957.0
Aye Mere Pyaare Watan,Kabuliwala,1961.0
Aye Meri Zohra Zabeen,Waqt,1965.0
Haanikarak Bapu,Dangal,2016.0
Aankhon Hi Aankhon Me Ishaara Ho Gaya,C.I.D.,1956.0
Baabuji Dheere Chalna,Aar Paar,1954.0
Baahon Me Chale Aao,Anamika,1973.0
Baahon Me Teri Masti Ke Ghere,Kaala Patthar,1979.0
Baaje Paayal Chhun Chhun,Chhalia,1960.0
Baali Umariya Bhajan Karoon Kaise,Sanyasi,1975.0
Baandh Liya,Oye Mamu,2021.0
Baat Zara Hai Aapas Ki,Jahan Pyar Miley,1969.0
Bach Ke Rehna (Red Notice),Non Filmy,2021.0
Bachpan Ki Mohabbat Ko,Baiju Bawra,1952.0
Bada Natkhat Hai Re Krishan Kanhaiya,Amar Prem,1972.0
Badan Pe Sitaare Lapete Hue,Prince,1969.0
Badi Der Bhayi Kab Loge Khabar More Raam,Basant Bahar,1956.0
Badi Door Se Aayen Hain,Samjhauta,1973.0
Badtameez Dil,Yeh Jawaani Hai Deewani,2013.0
Bahaaron Mera Jeewan Bhi Sanwaaron,Aakhri Khat,1966.0
Bahaaron Phool Barsaao,Suraj,1966.0
Bahut Pyar Karte Hai Tum Ko Sanam,Saajan,1991.0
Baki Nacho,Cash,2021.0
Balam Pichkari Jo Tune Mujhe Maari,Yeh Jawaani Hai Deewani,2013.0
Baliye Re,Jersey,2022.0
Balle Balle Nazren Tu Mujhe Se,Dulaara,1994.0
Balma Sipahiya Haye Re Teri Dambook Se,Dushman,1972.0
Ban Ke Panchhi Gaaye Pyar Ka Taraana,Anari,1959.0
Bana Ke Kyoon Bigaada Re,Zanjeer,1973.0
Banda Parvar Thaam Lo Jigar,Phir Wohi Dil Laya Hoon,1963.0
Bane Chaahe Dushman Zamaana Hamaara,Dostana,1980.0
Bansuri,Hum Do Hamare Do,2021.0
Baras Baras,Durgamati,2020.0
Barbaadiyaan,Shiddat,2021.0
Barbaad-E-Mohabbat Ki Dua,Laila Majnu,1976.0
Barsaat Me Tum Se Mile Hum Sajan,Barsaat,1949.0
Barson Puraana Ye Yaarana,Hera Pheri,1976.0
Bas Yahi Apraadh Main Har Baar,Pehchan,1970.0
Basti Basti Parbat Parbat-Sad,Railway Platform,1955.0
Basti Basti Parbat Parbat,Railway Platform,1955.0
Bata Doon Kya Laana,Patthar Ke Sanam,1967.0
Bedardi Baalma Tujh Ko Mera Man,Arzoo,1965.0
Begaani Shaadi Me Abdulla Deewana,Jis Desh Men Ganga Behti Hai,1960.0
Behna O Behna Teri Doli Main Uthaunga,Adalat,1976.0
Beqaraar (Duet),Looop Lapeta,2022.0
Beshak Mandir Maszid Todo,Bobby,1973.0
Bhai Bhai,Bhuj: The Pride Of India,2021.0
Bhai Ka Birthday,Antim: The Final Truth,2021.0
Bhali Bhali Si Ek Soorat,Buddha Mil Gaya,1971.0
Bhangda Pa Le,Karan Arjun,1995.0
Bheegi Bheegi Si Hai Raaten Bheegi Bheegi,Gangster,2006.0
Bhole O Bhole,Yaarana,1981.0
Bhool Gaya Sab Kuchh,Julie,1975.0
Bhoole Se Mohhabbat Kar Baitha,Dil Hi To Hai,1963.0
Bhoot Bhoot,Intezaar: Koi Aane Ko Hai,2020.0
Bhor Bhaye Panghat Pe,Satyam Shivam Sundaram,1978.0
Bhula Nahi Dena Jee,Bara-Dari,1955.0
Bigadne De,83,2021.0
Bindiya Chamkegi Choodi Khankegi,Do Raaste,1969.0
Binte Dil,Padmaavat,2018.0
Bishan Chacha Kuchh Gao,Yaarana,1981.0
Bol Do Meethe Bol,Sohni Mahiwal,1984.0
Bole Choodiyaan,Kabhi Khushi Kabhie Gham,2001.0
Bole Re Papihara,Guddi,1971.0
Boojh Mera Kya Naam Re,C.I.D.,1956.0
Bura Mat Suno Bura Mat Dekho Bura Mat Kaho,Aya Sawan Jhoom Ke,1966.0
Bure Bhi Hum Bhale Bhi Hum,Banarasi Babu,1973.0
Buri Nazar Waale Tera Muh Kaala,Mard,1985.0
Baghon Me Bahaar Hai,Aradhana,1969.0
Bahut Pyar Karte Hai Tum Ko Sanam (Female),Saajan,1991.0
Chal Baith Ja Khadi Ho Ja,Amir Grib,1974.0
Chaahe Laakh Toofan Aaye,Pyar Jhukta Nahi,1985.0
Chaahe Raho Door Chaahe Raho Paas,Do Chor,1972.0
Chaand Si Mehbooba Ho,Himalay Ki God Mein,1965.0
Chadti Jawaani Meri Chaal Mastaani,Caravan,1971.0
Chaahe Meri Jaan Tu Le Le (Remake),Marjaavaan,2019.0
Chaka Chak,Atrangi Re,2021.0
Chal Akela Chal Akela,Sambandh,1969.0
Chal Chal Chal Mere Saathi,Haathi Mere Saathi,1971.0
Chal Chale Ae Dil Jheel Ke Us Paar,Jheel Ke Us Paar,1973.0
Chal Dariya Me Doob Jaayen,Prem Kahani,1975.0
Chal Ghar Chalen Mere Humdum,Malang,2020.0
Chal Ri Sajni Ab Kya Soche,Bombai Ka Babu,1960.0
Chal Sanyasi Mandir Me,Sanyasi,1975.0
Chal Wahin Chale,Saina,2021.0
Chala Bhi Aa Aa Ja Rasiya,Man Ki Ankhen,1970.0
Chala Jaata Hoon Kisi Ki Dhun Me,Mere Jeevan Saathi,1972.0
Chali Chali Re Patang Meri Chali Re,Bhabhi,1957.0
Chali Chali,Thalaivi,2021.0
Chali Kaun Se Des Gujariya Tu Saj Dhaj Ke,Boot Polish,1954.0
Chalo Bulaawa Aaya Hai,Avtaar,1983.0
Chalo Chale Maa Sapno Ke Gaanv Me,Jagriti,1954.0
Chalo Dildar Chalo Chaand Ke Paar Chalo,Pakeezah,1972.0
Chalo Ek Baar Phir Se,Gumrah,1963.0
Chalo Re Doli Uthayo Kahaar,Jaani Dushman,1979.0
Chaand Chhupa Baadal Me,Hum Dil De Chuke Sanam,1999.0
Chanda Hai Tu Mera Suraj Hai Tu,Aradhana,1969.0
Chandigarh Kare Aashiqui (Title Song),Chandigarh Kare Aashiqui,2021.0
Chashma Chadha Ke,Non Filmy,2021.0
Chaudhavin Ka Chaand Ho,Chaudhvin Ka Chand,1960.0
Chehre Pe Khushi Chha Jaati Hai,Waqt,1965.0
Chhalke Teri Aankhon Se Sharaab,Arzoo,1965.0
Chhod Gaye Baalam Mujhe Haye Akela,Barsaat,1949.0
Chhod Sanam Kaahe Ka Gham,Kudrat,1981.0
Chhoo Kar Mere Man Ko,Yaarana,1981.0
Chhoo Lene Do Naazuk Hothon Ko,Kaajal,1965.0
Chhoti Si Umar Me Hi Lag Gaya Rog,Bairaag,1976.0
Chhoti Si Ye Zindgaani Re,Aah,1953.0
Chhup Chhup Meera Roye,Johny Mera Naam,1970.0
Chhup Gaye Saare Nazaare,Do Raaste,1969.0
Chhupa Lo Yoon Dil Me Pyar Mera,Mamta,1966.0
Chingari Koi Bhadke,Amar Prem,1972.0
Chingari,Antim: The Final Truth,2021.0
Chinta Na Kar,Hungama 2,2021.0
Chitthi Aayi Hai,Naam,1986.0
Chocolate Lime Juice,Hum Aapke Hain Koun,1994.0
Chori Chori Chupke Chupke Palkon Ke Peechhe,Aap Ki Kasam,1974.0
Chup Chaap Tu Kyoon Khadi Hai,Narsimha,1991.0
Chupke Se Dil De De Nai Te,Maryada,1971.0
Chura Ke Dil Mera 2.0,Hungama 2,2021.0
Chura Ke Dil Mera Goriya Chali,Main Khiladi Tu Anari,1994.0
Chura Liya Hai Tum Ne Jo Dil Ko,Yaadon Ki Baaraat,1973.0
Chura Liya,Non Filmy,2021.0
Dum Bhar Jo Udhar Mum Phere,Awaara,1951.0
Dum Dum Diga Diga,Chhalia,1960.0
Danka Baja,Mumbai Saga,2021.0
Darbaar Me Uper Waale Ke,Hera Pheri,1976.0
Dariya Me Jahaaz Chale Paasha,Shaan,1980.0
De Di Hame Azaadi Bina Khadag,Jagriti,1954.0
Deewana Hai Dekho,Kabhi Khushi Kabhie Gham,2001.0
Deewana Le Ke Aaya Hai,Mere Jeevan Saathi,1972.0
Deewane Hain Deewano Ko Na Ghar Chahiye,Zanjeer,1973.0
Dekh Tere Sansaar Ki Haalat,Nastik,1954.0
Dekha Ek Khawab To Ye Silsile Hue,Silsila,1981.0
Dekha Hai Pahli Baar,Saajan,1991.0
Dekha Na Haye Re Socha Na,Bombay To Goa,1972.0
Dekhne Me Bhola Hai,Bombai Kab Babu,1960.0
Dekho O Diwaano,Hare Rama Hare Krishna,1971.0
Der Se Aana Jaldi Jaana Ae Saahab Ye Theek Nahi,Khal Nayak,1993.0
Desh Mere,Bhuj: The Pride Of India,2021.0
Devi O Baby Tu Ban Ja Meri Biwi,Maqsad,1984.0
Dhaakad,Dangal,2016.0
Dheel De De Re Bhaiyya,Hum Dil De Chuke Sanam,1999.0
Dheere Dheere Bol Koyi Suna Na Le,Gora Aur Kala,1971.0
Dheere Se Jaana Khatiyan Me,Chhupa Rustam,1973.0
Dhik Chik,Bunty Aur Babli 2,2021.0
Dholi Taro Dhol Baaje,Hum Dil De Chuke Sanam,1999.0
Dhoom Mache Dhoom,Kaala Patthar,1979.0
Dhoom Tara,Bell Bottom,2021.0
Didi Tera Devar Deewana,Hum Aapke Hain Koun,1994.0
Dil Aisa Kisi Ne Mera Toda,Amanush,1975.0
Dil Apna Aur Preet Paraayi,Dil Apna Aur Preet Parai,1960.0
Dil Deta Hai Ro Ro Duhaayi,Phir Teri Kahani Yaad Aayee,1993.0
Dil Hai Ke Manta Nahin,Dil Hai Ke Manta Nahin,1991.0
Dil Hatheli,Barun Rai And The House On The Cliff,2022.0
Dil Ibaadat Kar Raha Hai,Tum Mile,2009.0
Dil Ka Haal Sune Dil Waala,Shree 420,1955.0
Dil Kahe Ruk Ja Re Ruk Ja,Man Ki Ankhen,1970.0
Dil Ke Jharokhe Me,Brahmachari,1968.0
Dil Ke Tukde Tukde Kar Ke,Dada,1979.0
Dil Ki Baaten Dil Hi Jaane,Roop Tera Mastana,1972.0
Dil Ki Kitab Kori Hai Kori Hi Rahne Do,Yaar Mera,1972.0
Dil Ki Nazar Se Nazron Ki Dil Se,Anari,1959.0
Dil Ko Dekho Chehra Na Dekho,Sachaa Jhutha,1970.0
Dil Kya Kare Jab Kisi Se,Julie,1975.0
Dil Maang Raha Hai Mohlat,Ghost,2019.0
Dil Me Sanam Ki Soorat,Phir Teri Kahani Yaad Aayee,1993.0
Dil Melt Melt Karda,Haseen Dullruba,2021.0
Dil Tadap Tadap Ke Kah Raha Hai,Madhumati,1958.0
Dil Tujh Pe Aa Gaya,Dil Hai Ke Manta Nahin,1991.0
Dil Use Do Jo Jaan De De,Andaz,1971.0
Dilbar Dil Se Pyaare,Caravan,1971.0
Dilbar Dilbar,Sirf Tum,1999.0
Dilbar Jaani Chali Hawa Mastaani,Haathi Mere Saathi,1971.0
Dilbar,Satyameva Jayate,2018.0
Dillagi Ne Di Hawa,Dostana,1980.0
Din Hai Bahaar Ke Tere Mere Ikraar Ke,Waqt,1965.0
Din Maheene Saal Guzarte Jaayenge,Avtaar,1983.0
Ding Dong O Baby Sing A Song,Hero,1983.0
Do Bechare Bina Sahaare,Victoria No. 203,1972.0
Do Deewane Shahar Me,Gharaonda,1977.0
Do Dil Toote Do Dil Haare,Heer Ranjha,1970.0
Do Din Ki Jawaani Me,Adalat,1976.0
Do Ghoont Mujhe Bhi Pila De Sharaabi,Jheel Ke Us Paar,1973.0
Do Naina Ik Kahaani,Masoom,1983.0
Do Rang Duniya Ke Aur Do Raaste,Do Raaste,1969.0
Do You Love Me,Baaghi 3,2020.0
Doli,Helmet,2021.0
Doobey,Gehraiyaan,2022.0
Doongi Tainu Reshmi Roomal,Prem Pujari,1970.0
Door Koyi Gaaye,Baiju Bawra,1952.0
Doston Se Pyar Kiya Dushmano Se,Shaan,1980.0
Duggi Wajdi,Happy Hardy and Heer,2020.0
Dulhan Maarwad Ki Naache Chham Chham,Anpadh,1962.0
Dum Maaro Dum,Hare Rama Hare Krishna,1971.0
Dum Maaro Dum (Remake),Dum Maaro Dum,2011.0
Duniya Ka Mela Mele Me Ladki,Raja Jani,1972.0
Duniya Me Hum Aaye Hai To,Mother India,1957.0
Duniya Me Logon Ko Dhokha Kabhi,Apna Desh,1972.0
Duniya Me Pyar Ki Sab Ko Jarurat Hai,Sachaa Jhutha,1970.0
Duniya Me Rehna Hai To,Haathi Mere Saathi,1971.0
Duniya Me Tera Hai Bada Naam,Loafer,1973.0
Duniya Na Bhaaye Mohe Ab To Bula Le,Basant Bahar,1956.0
Dushman Hai Zamaana Thenge Se,Patthar Ke Sanam,1967.0
Ek Batta Do Do Batte Chaar,Kalicharan,1976.0
Ek Bewafa Se Pyar Kiya,Awaara,1951.0
Ek Daal Par Tota Bole,Chore Machaye Shor,1974.0
Ek Dil Hai Ek Jaan Hai,Padmaavat,2018.0
Ek Din Teri Raahon Me,Naqaab,2007.0
Ek Do Teen-Tezaab,Tezaab,1988.0
Ek Ladki Ko Dekha To,1942: A Love Story,1994.0
Ek Manzil Raahi Do,Sanjog,1961.0
Ek Pyar Ka Nagma Hai,Shor,1972.0
Ek Tha Gul Aur Ek Thi Bulbul,Jab Jab Phool Khile,1965.0
Ek Tu Jo Mila,Himalay Ki God Mein,1965.0
Ek Tu Na Mila,Himalay Ki God Mein,1965.0
Eyy Bidda Ye Mera Adda,Pushpa: The Rise,2021.0
Ek Gora Ek Kaala,Gora Aur Kala,1972.0
Falak Se Tod Kar Dekho,Aan Milo Sajna,1970.0
Filhall,Non Filmy,2020.0
First Class,Kalank,2019.0
Filhaal 2 Mohabbat,Non Filmy,2021.0
Gaadi Bula Rahi Hai Seeti Baja Rahi Hai,Dost,1974.0
Gaadi Waale Gaadi Dheere Haank Re,Mother India,1957.0
Gaddi Jaandi Hai Chhalaanga Maardi,Dada,1979.0
Gali Gali Seeta Roye,Chhalia,1960.0
Ganga Aaye Kahaan Se,Kabuliwala,1961.0
Garda,Atrangi Re,2021.0
Garibo Ki Suno (Female),Dus Lakh,1966.0
Garibo Ki Suno Wo Tumhaari Sunega,Dus Lakh,1966.0
Geet Gaata Hoon Main,Laal Patthar,1971.0
Geet Tere Saaz Ka,Intaqam,1969.0
Ghadi Ghadi Mera Dil Dhadke,Madhumati,1958.0
Gham Ka Fasasna Ban Gaya Achchha,Manchali,1973.0
Ghar Aa Ja Pardesi,Dilwale Dulhania Le Jayenge,1995.0
Ghar More Pardesiya,Kalank,2019.0
Ghoomar,Padmaavat,2018.0
Ghunghroo Ki Terah,Chor Machaye Shor,1974.0
Gir Gaya Jhumka,Jugnu,1973.0
Gokul Ki Galiyon Ka Gwaala,Raaste Pyar Ka,1982.0
Gore Gore O Baanke Chhore,Samadhi,1950.0
Gore Rang Pe Na Itna Gumaan Kar,Roti,1974.0
Gori Gori Gaaon Ki Gori Re,Yeh Gulistan Hamara,1972.0
Gori Hain Kalayaan,Aaj Ka Arjun,1990.0
Gori Ke Haath Jaise Ye Chhalla,Mela,1971.0
Gulaabi Aankhen Jo Teri Dekhi,The Train,1970.0
Gum Hai Kisi Ke Pyar Me,Raampur Ka Lakshman,1972.0
Gunja Re Chandan,Nadiya Ke Paar,1982.0
Gup Chup Gup Chup,Karan Arjun,1995.0
Gussa Chhod Dil Na Tod,Maqsad,1984.0
Gussa Itna Haseen Hai To,Maryada,1971.0
Gunguna Rahe Hain Bhanwaren,Aradhana,1969.0
Hanjugam,Bhuj: The Pride Of India,2021.0
Haye Haye Garmi Hai,Maqsad,1984.0
Haal Kaisa Hai Janaab Ka,Chalti Ka Naam Gaadi,1958.0
Haan Jee Haan Maine Sharaab Pee Hai,Seeta Aur Geeta,1972.0
Haayo Rabba Naiyon Lagda Dil Mera,Thappad,2020.0
Hai Kamaal,Thalaivii,2021.0
Hai Na Bolo Bolo,Andaz,1971.0
Hai Preet Jahaan Ki Reet Sada,Purab Aur Paschim,1970.0
Hal-e-Dil Tujh Ko Sunata,Murder 2,2011.0
Hamen Tum Se Pyar Kitna,Kudrat,1981.0
Hamen Tum Se Pyar Kitna,Kudrat,1981.0
Har Kisi Ko Nahi Milta,Janbaaz,1986.0
Hasina Pagal Deewani,Indoo Ki Jawani,2020.0
Hawa Ke Saath Saath,Seeta Aur Geeta,1972.0
Hawa Me Udta Jaaye,Barsaat,1949.0
Hazaar Raahen Mud Ke Dekhin,Thodisi Bewafaii,1980.0
He Man O My He Man,Jugle Love,1990.0
Heelein Toot Gayi,Indoo Ki Jawani,2020.0
Hello (Govinda),Non Filmy,2021.0
Ho Ja Rangeela Re,Rangeela,1995.0
Ho Ke Mayoos Tere Dar Se,Laila Majnu,1976.0
Holi Aayi Re Kanhaiyi,Mohter India,1957.0
Holi,Padmaavat,2018.0
Hone Laga,Antim: The Final Truth,2021.0
Hoye Ishq Na,Tadap,2021.0
Hud Hud Dabangg,Dabangg 3,2019.0
Hum Aap Ke Hain Kaun (Title Song),Hum Aapke Hain Koun,1994.0
Hum Bane Tum Bane Ek Dooje Ke Liye,Ek Duuje Ke Liye,1981.0
Hum Dil De Chuke Sanam (Title Track),Hum Dil De Chuke Sanam,1999.0
Hum Dum,Shiddat,2021.0
Hum Jab Honge Saath Saal Ke,Kal Aaj Aur Kal,1971.0
Hum Jab Simat Ke Aap Ki,Waqt,1965.0
Hum Ko Man Ki Shakti Dena,Guddi,1971.0
Hum Ko To Jaan Se Pyaari Hai-Part 1,Naina,1973.0
Hum Ko To Jaan Se Pyaari Hai,Naina,1973.0
Hum Ne Dekhi Hai Un Aankhon Ki,Khamoshi,1969.0
Hum Ne Gaanv Ke Panghat Pe,Ek Bechara,1972.0
Hum Ne Sanam Ko Khat Likha,Shakti,1982.0
Hum Se Tum Dosti Kar Lo,Narsimha,1991.0
Hum Tere Bin Kahin Rah Nahi Paate,Sadak,1991.0
Hum Tere Ho Gaye (Female),Before You Die,2022.0
Hum Tere Ho Gaye,Before You Die,2022.0
Hum Thay Jin Ke Sahaare,Safar,1970.0
Hum To Mashoor Hue Hai,Dil Hai Ke Manta Nahin,1991.0
Hum To Tamboo Me,Mard,1985.0
Hum To Thay Anjaane,Jugle Love,1990.0
Hum Tujh Se Mohabbat Kar Ke Sanam,Awaara,1951.0
Hum Tum Se Juda Ho Ke,Ek Sapera Ek Lutera,1965.0
Hum Tum Yug Yug Se Ye Geet Milan Ke,Milan,1967.0
Hum Tumhaare Liye Tum Hamaare Liye,Intaqam,1969.0
Hamaare Siwa Tumhare Aur,Apradh,1972.0
Humko Tumse Ho Gaya Hai Pyar,Songs from Amar Akbar Anthony,1977.0
Hungama Ho Gaya,Hungama 2,2021.0
Husn Hai Suhaana,Coolie No. 1,1995.0
Husn Hazir Hai,Laila Majnu,1976.0
Husn Ke Laakhon Rang,Johny Mera Naam,1970.0
HuTuTu,Mimi,2021.0
Huzoor Is Kadar Bhi Na Itra Ke Chaliye,Masoom,1983.0
Hothon Pe Sachchai Rahti Hai,Jis Desh Men Ganga Behti Hai,1960.0
Har Ghadi Badal Rahi Hai Dhoop Zindagi,Kal Ho Naa Ho,2003.0
Hawaon Me Bahenge,Kalank,2019.0
Ichak Daana Beechak Daana,Shree 420,1955.0
Ik Cheez Maangte Hai,Babul Ki Galiyan,1972.0
Ik Din Hasaana Ik Din Rulaana,Benaam,1974.0
Ik Ladki Bheegi Bhaagi Si,Chalti Ka Naam Gaadi,1958.0
Ik Munda,Karan Arjun,1995.0
Ik Raasta Hai Zindagi,Kaala Patthar,1979.0
Ik To Mera Mastaana Shabaab,Gora Aur Kala,1972.0
Ik Zindagi,Angrezi Medium,2020.0
Iktara Bole Tun Tun,Yaadgaar,1970.0
Illegal Weapon 2.0,Streed Dancer 3D,2020.0
Inhi Logon Ne,Pakeezah,1972.0
Is Mod Se Jaate Hain,Aandhi,1975.0
Is Reshmi Paajeb Ki Jhankaar,Laila Majnu,1976.0
Ishq Bina,Taal,1999.0
Ishq Fitoori,Bhavai (2021),2021.0
Ishq Karo Dil Se,Koi Jaane Na,2021.0
Istaar Hai Tu,Toofaan,2021.0
Itna Main Chahoon Tujhe,Raaz,2002.0
Itna To Yaad Hai Mujhe,Mehboob Ki Mehndi,1971.0
Itâs the Time to Disco,Kal Ho Naa Ho,2003.0
Ishwar Satya Hai Satya Hi Shiv Hai,Satyam Shivam Sundaram,1978.0
Jhonka Hawa Ka,Hum Dil De Chuke Sanam,1999.0
Jeenhe Mera Dil Luteya (Remake),Jawaani Jaaneman,2020.0
Ja Ja Ja Ja Bewafa,Aar Paar,1954.0
Ja Re Ja O Harjaayi,Kalicharan,1976.0
Jaagega Insaan Zamaana Dekhega,Aadmi Aur Insaan,1969.0
JaagoJaago Bakre,Pushpa: The Rise,2021.0
Jaan-E-Bahaar Husn Tera,Pyar Kiya To Darna Kya,1963.0
Jaan-E-Jaan Dhoondta Phir Raha,Jawani Diwani,1972.0
Jaana Tha Hum Se Door Bahaane Bana Diye,Adalat,1958.0
Jaane De Ye Bhi Jaane De,Koi Jaane Na,2021.0
Jaane Kaise Kab Kahaan,Shakti,1982.0
Jaane Kya Pilaaya Tune,Jugnu,1973.0
Jaane Kyon Log Pyar Karte Hai,Dil Chahta Hai,2001.0
Jaane Kyoon Log Muhabbat,Mehboob Ki Mehndi,1971.0
Jaane Mujhe Kya Hua Re,Janwar Aur Aur Insaan,1972.0
Jaane Na Nazar Pahchaane Jigar,Aah,1953.0
Jaani O Jaani,Raja Jani,1972.0
Jaanoon Na,Bob Biswas,2021.0
Jaanu Meri Jaan,Shaan,1980.0
Jaata Kahan Hai Deewane,C.I.D.,1956.0
Jaati Hoon Main,Karan Arjun,1995.0
Jab Andhera Hota Hai,Raja Rani,1973.0
Jab Baghon Me Jugnu Chamke,Jugnu,1973.0
Jab Ishq Kahin Ho Jaata Hai,Arzoo,1965.0
Jab Jab Pyar Pe Pahra Hua Hai,Sadak,1991.0
Jab Jab Teri Soorat Dekhoon,Janbaaz,1986.0
Jab Pyar Kiya To Darna Kya,Mughal-E-Azam,1960.0
Jab Tak Hai Jaan Jaane Jahaan Main Nachungi,Sholay,1975.0
Jab Tak Rahe Tan Me Jiya,Samadhi,1972.0
Jageya Jageya Jageya Kade,Kaala Patthar,1979.0
Jahaan Main Jaati Hoon Wahin Chale Aate Ho,Chori Chori,1956.0
Jai Bolo Beimaan Ki,Be-Imaan,1972.0
Jai Hind Ki Senaa,Shershaah,2021.0
Jai Jai Shiv Shankar,Aap Ki Kasam,1974.0
Jai Jai Shivshankar,War,2019.0
Jaise Banjaare Ko Ghar,Ek Villain,2014.0
Jaise Karta Hai Ye Dil Dhak Dhak,Haathi Mere Saathi,1971.0
Jaise Radha Ne Maala Japi,Tere Mere Sapne,1971.0
Jalta Hai Jiya Mera Bheegi Bheegi Raton Me,Zakhmee,1975.0
Jalte Hain Jis Ke Liye,Sujata,1969.0
Janani,RRR,2022.0
Jann Gann Mann,Satyameva Jayate 2,2021.0
Jao Tum Chahe Jahaan,Narsimha,1991.0
Jaoon To Kahaan Jaoon,Anamika,1973.0
Jeet Hi Lenge Baazi Hum Tum,Shola Aur Shabnam,1961.0
Jeewan Ki Baghiya Mahkegi,Tere Mere Sapne,1971.0
Jeewan Se Bhari Teri Aankhen,Safar,1970.0
Jhalak Dikhla Ja,Aksar,2006.0
Jhatka Are Jhatke Pe Jhatka,Dosti Dushmani,1986.0
Jhilmil Sitaaron Ka Aangan Hoga,Jeevan Mrityu,1970.0
Jhoole Me Pawan Ke Aayi Bahaar,Baiju Bawra,1952.0
Jhoom Jhoom Ke Naacho Aaj,Andaz,1949.0
Jhooth Bole Kauva Kaate,Bobby,1973.0
Jhumka Gira Re,Mera Saaya,1956.0
Jidhar Dekhoon Teri Tasveer,Mahaan,1983.0
Jis Gali Me Tera Ghar Na Ho,Kati Patang,1971.0
Jis Ka Koyi Nahi Us Ka To,Laawaris,1981.0
Jis Ka Koi Nahi (Manna Dey),Laawaris,1981.0
Jis Ke Sapne Hame Roz Aate Rahe,Geet,1970.0
Jise Tu Kabool Kar Le,Devdas,1955.0
Jiya Bekaraar Hai Aayi Bahaar Hai,Barsaat,1949.0
Jiya Laage Na,Anand,1971.0
Jiya O Jiya O Kuchh Bol Do (Female),Jab Pyar Kisi Se Hota Hai,1961.0
Jiya O Jiya O Kuchh Bol Do,Jab Pyar Kisi Se Hota Hai,1961.0
Jo Bhi Kasmen Khayi Thi Hum Ne,Raaz,2002.0
Jo Khwabon Khayalon Me,Jannat: In Search of Heaven,2008.0
Jo Tum Aa Gaye Ho,Toofaan,2021.0
Jo Tum Ko Ho Pasand,Safar,1970.0
Jo Un Ki Tamanna Hai Barbaad Ho Ja,Intaqam,1969.0
Jo Waada Kiya Wo Nibhaana Padega,Taj Mahal,1963.0
Jogi Jee Dheere Dheere,Nadiya Ke Paar,1982.0
Joote De Do Paise Le Lo,Hum Aapke Hain Koun,1994.0
Jug Jug Jeeve,Shiddat,2021.0
Jyot Se Jyot Jagaate Chalo,Sant Gyaneshwar,1964.0
Jee Haan Main Hoon Khalnayak,Khal Nayak,1993.0
Jee Ni Karda,Sardar Ka Grandson,2021.0
Kaun Disa Me Le Ke Chala Re,Nadiya Ke Paar,1982.0
Kal Chaman Tha Aaj Ik Sehra Hua,Khandan,1965.0
Kaahe Apno Ke Kaam Nahi Aaye Tu,Raampur Ka Lakshman,1972.0
Kaahe Paise Pe Itna Guroor Kare Hai,Laawaris,1981.0
Kaal Ka Pahiya,Chanda Aur Bijli,1969.0
Kaali Palak Teri Gori,Do Chor,1972.0
Kaanchi Re Kaanchi Re,Hare Rama Hare Krishna,1971.0
Kaanha Kaanha Aan Padi Main Tere Dwaar,Shagird,1967.0
Kaanta Laga,Samadhi,1972.0
Kab Ke Bichhde Hue Hum,Laawaris,1981.0
Kabhi Kabhi Mere Dil Me (Male),Kabhi Kabhie,1976.0
Kabhi Kabhi Mere Dil Me (Female),Kabhi Kabhie,1976.0
Kabhi Khushi Kabhie Gham (Title Song),Kabhi Khushi Kabhie Gham,2001.0
Kabhi Kisi Ko Mukammal Jahaan Nahi Milta,Ahista Ahista,1981.0
Kabhii Tumhhe,Shershaah,2021.0
Kahaan Hai Wo Deewana,Loafer,1973.0
Kahin Aag Lage Lag Jaave,Taal,1999.0
Kahin Door Jab Din Dhal Jaaye,Anand,1971.0
Kahin Pe Nigaahen Kahin Pe Nishaana,C.I.D.,1956.0
Kaise Kahen Hum Pyar Ne Hum Ko,Sharmeelee,1971.0
Kaise Mizaaz Aap Ke Hain,Dil Hai Ke Manta Nahin,1991.0
Kaise Rahoon Chup,Intaqam,1969.0
Kajra Laga Ke,Apna Desh,1972.0
Kalle Kalle,Chandigarh Kare Aashiqui,2021.0
Kanhaiya Kanhaiya Tujhe Aana Padega,Maalik,1972.0
Kanhaiya Kis Ko Kahega Tu Maiyya,Chhoti Bahu,1971.0
Kankariya Maar Ke Jagaaya,Himalay Ki God Mein,1965.0
Kanta Laga,Non Filmy,2021.0
Kar Le Dil Ki Baat Aaj Mauka Hai,Pehchan,1970.0
Kariye Na,Taal,1999.0
Karvaten Badalte Rahe Saari Raat Hum,Aap Ki Kasam,1974.0
Kaun Aaya Ki Nigahon Me Chamak,Waqt,1965.0
Kay Sera Sera,Pukar,2000.0
Khair Mangde,Bell Bottom,2021.0
Khali Bali,Padmaavat,2018.0
Kheench Te Nach,Chandigarh Kare Aashiqui,2021.0
Khiladi Hai Koyi Anadi Hai Koyi,Seeta Aur Geeta,1972.0
Khilona Jaa Kar Tum To,Khilona,1970.0
Khilte Hai Gul Yahaan,Sharmeelee,1971.0
Khilte Hai Gul Yahaan (Male),Sharmeelee,1971.0
Khiza Ke Phool Pe Aati Kabhi,Do Raaste,1969.0
Kis Liye Maine Pyar Kiya,The Train,1970.0
Kisi Din Banugi Main Raja Ki Rani,Raja,1995.0
Kisi Ki Muskurahato Pe Ho Nisaar,Anari,1959.0
Kisi Patthar Ki Moorat Se,Hamraaz,1967.0
Kitna Maza Aa Raha Hai,Raja Jani,1972.0
Kitna Pyaara Hai Ye Chehra,Raaz,2002.0
Kitna Pyaara Waada Hai,Caravan,1971.0
Kitne Sapne Kitne Armaan Laaya Hoon Main,Mere Jeevan Saathi,1972.0
Kitni Baichain Ho Ke,Kasoor,2001.0
Koi Jab Tumhara Hriday Tod De,Purab Aur Paschim,1970.0
Koi Matwala Aaya Mere Dwaare,Love In Tokyo,1966.0
Koi Sahri Babu Dil Lahri Babu,Loafer,1973.0
Kora Kaagaz Tha Ye Man Mera,Aradhana,1969.0
Koyal Kyoon Gaaye,Aap Aaye Bahar Aayee,1971.0
Koyaliya Gaati Hai,Jungle Love,1990.0
Koyi Haseena Jab Rooth Jaati Hai To,Sholay,1975.0
Koyi Kahe Kahta Rahe,Dil Chahta Hai,2001.0
Koyi Ladki Mujhe Kal Raat Sapne Me Mili,Seeta Aur Geeta,1972.0
Koyi Mil Gaya,Kuch Kuch Hota Hai,1998.0
Koyi To Aayega,Antim: The Final Truth,2021.0
Kuch Kuch Hota Hai (Sad),Kuch Kuch Hota Hai,1998.0
Kuchhu Kuchh Hota Hai (Title Track),Kuch Kuch Hota Hai,1998.0
Kuchh Der Pahle Kuchh Bhi Na Tha,Pyar Ka Devta,1991.0
Kuchh Kehta Hai Ye Saawan,Mera Gaon Mera Desh,1971.0
Kuchh To Log Kahenge,Amar Prem,1972.0
Kusu Kusu,Satyameva Jayate 2,2021.0
Kya Khabar Kya Pata,Saaheb,1985.0
Kaya Khoob Lagti Ho,Dharmatma,1975.0
Kyoon Dikhe Mujhe Tu Sirhaane Mere,Bhoot-Part One: The Haunted Ship,2020.0
Purba Suhani Aayi Re,Purab Aur Paschim,1970.0
Laakhon Hain Nigaah Me,Phir Wohi Dil Laya Hoon,1963.0
Likh Kar Tera Naam Zameen Par,Laila Majnu,1976.0
Li Maine Kasam Li,Tere Mere Sapne,1971.0
Laaga Chunri Me Daag,Dil Hi To Hai,1963.0
Laal Chhadi Maidaan Khadi,Janwar,1965.0
Lachaari Ko Majboori Ko,Maqsad,1984.0
Ladki Badi Anjaani Hai,Kuch Kuch Hota Hai,1998.0
Ladki Chale Jab Sadkon Pe,Seema,1971.0
Laila Ne Kaha Jo Majnu Se,Jungle Love,1990.0
Lakdi Ki Kaathi Kaathi Pe Ghoda,Masoom,1983.0
Lakeeran,Haseen Dillruba,2021.0
Lambi Judaai,Hero,1983.0
Lamha Lamha Doori,Gangster,2006.0
Layee Hai Hazaron Rang Holi,Phool Aur Patthar,1966.0
Le Jaayenge Le Jaayenge,Chor Machaye Shor,1974.0
Le Kar Hum Deewana Dil,Yaadon Ki Baaraat,1973.0
Lehra Do,83,2021.0
Le Ke Pehla Pehla Pyar,C.I.D.,1956.0
Likhe Jo Khat Tujhe,Kanyadaan,1968.0
Lo Aa Gayi Un Ki Yaad,Do Badan,1966.0
Lo Aayi Hai Jawaani Roop Ke Naghmen Gaati,Pehchan,1970.0
Logon Na Maaro Ise,Anamika,1973.0
Looop Lapeta (Title Song),Looop Lapeta,2022.0
Loote Koyi Man Ka Nagar,Abhimaan,1973.0
Le Gayi Dil Gudiya Japan Ki,Love In Tokyo,1966.0
Lut Ja O Lut Ja,Ankhen,1968.0
Luv Ju,Bunty Aur Babli 2,2021.0
Le Lo Re Pee Lo Babu Nariyal Paani,Apna Desh,1972.0
Maa Sherawali,Satyameva Jayate 2,2021.0
Maafi,Chandigarh Kare Aashiqui,2021.0
Maana Teri Nazar Me,Ahista Ahista,1981.0
Maang Ke Saath Tumhaara,Naya Daur,1957.0
Maangi Thi Ek Dua Jo Kubool Ho Gayee,Shakti,1982.0
Maar Diya Jaaye Ke Chhod Diya Jaaye,Mera Gaon Mera Desh,1971.0
Maayen Ni Maayen Munder Pe Teri,Hum Aapke Hain Koun,1994.0
Main Adhura Tere Bagair,Beiimaan Love,2016.0
Main Agar Saamne Aa Bhi Jaaya Karoon,Raaz,2002.0
Main Bairaagi Nachoon Gaoon,Bairaag,1976.0
Main Benaam Ho Gaya,Benaam,1974.0
Main Cheez Badi Hoon Mast Mast,Mohra,1994.0
Main Ek Chor Tu Meri Rani,Raja Rani,1973.0
Main Gaoon Tum So Jao (Happy),Brahmachari,1968.0
Main Hoon Na Tere Saath,Saina,2021.0
Main Ik Raaja Hoon,Uphaar,1971.0
Main Jat Yamla Pagla Deewana,Pratigya,1975.0
Main Pal Do Pal Ka Shayar,Kabhi Kabhie,1976.0
Main Piya Teri Tu Maane Ya Na Maane,Basant Bahar,1956.0
Main Shayar To Nahin,Bobby,1973.0
Main Tere Ishq Me,Loafer,1973.0
Main Teri Ho Gayi,Sardar Ka Grandson,2021.0
Main To Chala Jidhar Chale Rasta,Dharkan,1972.0
Main To Ek Khwaab Hoon,Himalay Ki God Mein,1965.0
Main To Har Mod Par Tujh Ko Doonga Sada,Chetna,1970.0
Main To Har Mod Par (Sad),Chetna,1970.0
Main To Raste Ja Raha Tha,Coolie No. 1,1995.0
Main Tum Me Samaa Jaaoon,Raaste pyar Ke,1982.0
Maine Dekha Tune Dekha,Dushman,1971.0
Maine Kaha Na Na Na,Lalkar,1972.0
Maine Tere Liye Hi Saat Rang Ke,Anand,1971.0
Mainu Ishq Da Laya Rog,Dil Hai Ke Manta Nahin,1991.0
Maiy Se Meena Se Na Saaki Se,Khudgarz,1987.0
Maiyya Mainu,Jersey,2022.0
Makhna,Drive,2019.0
Man Dole Mera Tan Dole,Nagin,1954.0
Man Tarpat Hari Darshan Ko Aaj,Baiju Bawra,1952.0
Manbhawan Ke Ghar Jaaye Gori,Chori Chori,1956.0
Mann Bharryaa 2.0,Shershaah,2021.0
Mard Taangewala,Mard,1985.0
Marjaawaan,Bell Bottom,2021.0
Mast Pawan Dole Re,Bawarchi,1972.0
Matlabi Yaariyaan,The Girl On The Train,2021.0
Mauj-E-Karam,Hum Do Hamare Do,2021.0
Mauka Mauka,Helmet,2021.0
Mausam Hai Aashiqaana,Pakeezah,1972.0
Meet Na Mila Re Man Ka,Abhimaan,1973.0
Megha Chhaye Aadhi Raat,Sharmeelee,1971.0
Mehboob Ki Mehndi (Title Song),Mehboob Ki Mehndi,1971.0
Mehboob Mere,Fiza,2000.0
Mehboob Mere Tu Hai To Duniya,Patthar Ke Sanam,1967.0
Mehbooba Mehbooba,Sholay,1975.0
Mehndi Laga Ke Rakhna,Dilwale Dulhania Le Jayenge,1995.0
Mehram,Jersey,2022.0
Mera Dil Bhi Kitna Pagal Hai,Saajan,1991.0
Mera Jeewan Kora Kaagaz,Kora Kagaz,1974.0
Mera Joota Hai Japani,Shree 420,1955.0
Mere Mehboob Aayega,Jungle Love,1990.0
Mera Mehboob Hai Bemisal,Aaye Din Bahar Ke,1966.0
Mera Naam Raju Gharaana Aanaam,Jis Desh Men Ganga Behti Hai,1960.0
Mera Padhne Me Nahin Laage Dil,Kora Kagaz,1974.0
Mera Sasura Bada Paise Wala,Bidaai,1974.0
Mere Deewanepan Ki Bhi Dawa Nahin,Mehboob Ki Mehndi,1971.0
Mere Desh Ki Dharti,Upkar,1967.0
Mere Dost Kissa Ye Kya Ho Gaya,Dostana,1980.0
Mere Dushman Tu Meri Dosti,Aaye Din Bahar Ke,1966.0
Mere Ghar Aayi Ek Nanhi Pari,Kabhi Kabhie,1976.0
Mere Jeewan Saathi Pyar Kiye Ja,Ek Duuje Ke Liye,1981.0
Mere Khwaabon Me Jo Aaye,Dilwale Dulhania Le Jayenge,1995.0
Mere Liye Tum Kaafi Ho,Shubh Mangal Zyada Saavdhan,2020.0
Mere Mehboob Tujhe Meri Mohabbat,Mere Mehboob,1963.0
Mere Mitwa Mere Meet Re-Solo,Geet,1970.0
Mere Mitwa Mere Meet Re (Duet),Geet,1970.0
Mere Paash Aao To Mera Naam Jaayo,Yeh Gulistan Hamara,1972.0
Mere Peechhe Hindustan Hai,Beiimaan Love,2016.0
Mere Sapno Ki Raani Kab,Aradhana,1969.0
Mere Yaara,Sooryavanshi,2021.0
Meri Aankhon Me Bas Gaya Koyi Re,Barsaat,1949.0
Meri Bheegi Bheegi Si,Anamika,1973.0
Meri Jaan Kuchh Bhi Kijiye,Chhalia,1960.0
Meri Jaan Meri Jaan,Yahudi,1958.0
Meri Muhabbat Jawaan Rahegi,Janwar,1965.0
Meri Pant Bhi Sexi,Dulaara,1994.0
Meri Pyari Bahaniya Banegi Dulhaniya,Sachaa Jhutha,1970.0
Meri Tamannao Ki Takdeer Tum,Holi Ayee Re,1970.0
Meri Zindagi Hai Tu,Satyameva Jayate 2,2021.0
Meri Zindagi Me Aate,Kanyadaan,1968.0
Mil Gaye Mil Gaye Aaj Mere Sanam,Kanyadaan,1968.0
Milaa Yun,Haseen Dillruba,2021.0
Milo Na Tum To Hum Ghabraayen,Heer Ranjha,1970.0
Milo Na Tum To (Remake),Non Filmy,2020.0
Milti Hai Zindagi Me Mohabbat,Ankhen,1968.0
Mind Your Business,36 Farmhouse,2022.0
Mohabbat Ajnabee,Sayonee,2020.0
Mohabbat Kar Lo Jee Bhar Lo,Aar Paar,1954.0
Mohabbat Ke Suhaane Din,Maryada,1971.0
Mohabbat,36 Farmhouse,2022.0
Mohe Bhool Gaye Sanwariyaan,Baiju Bawra,1952.0
More Naina Bahaaye Neer,Bawarchi,1972.0
More Sainyaan Jee Utrenge Paar,Uran Khatola,1955.0
Morni Re Morni Main Jungle Ki Morni,Pratigya,1975.0
Motiyon Ki Ladi Hoon Main,Loafer,1973.0
Mujh Ko Thand Lag Rahi Hai,Main Sunder Hoon,1971.0
Mujh Se Bhala Ye Kaajal Tera,The Train,1970.0
Mujhe Aisi Mili Haseena,Janwar Aur Insaan,1972.0
Mujhe Kisi Se Pyar Ho Gaya,Barsaat,1949.0
Mujhe Kisi Se Pyar Ho Gaya,Barsaat,1949.0
Mujhe Kuchh Kehna Hai,Bobby,1973.0
Mujhe Mat Roko,Gangster,2006.0
Mujhe Mujh Se Kaun Bachayega,Bob Biswas,2021.0
Mujhe Pyaar Pyaar Hai,Bhoot Police,2021.0
Mujhe Tere Jaisi Ladki Mil Jaaye To,Raaz,2002.0
Mujhe Teri Mohabbat Ka,Aap Aaye Bahar Aayee,1971.0
Munna Badnam Hua Darling Tere Liye,Dabangg 3,2019.0
Muqabala Hum Se Na Karo,Prince,1969.0
Muqabala (Remake),Streed Dancer 3D,2020.0
Muthu Kodi Kawaari Hada,Do Phool,1974.0
My Heart Is Beating,Julie,1975.0
My Name Is Anthony Gonsalves,Amar Akbar Anthony,1977.0
Meri Jaan Maine kaha,The Train,1970.0
Mere Angne Me,Laawaris,1981.0
Mere Angne Me (Female),Laawaris,1981.0
Na Jiya Laage Na,Anand,1971.0
Na Chahoon Sona Chandi,Bobby,1973.0
Na Ja Na Ja,Non Filmy,2017.0
Na Jaane Kahaan Se Aayi Hai,ChaalBaaz,1989.0
Na Kajre Ki Dhaar,Mohra,1994.0
Na KoI Umang Hai,Kati Patang,1971.0
Na Muh Chhupa Ke Jiyo Aur Na Sar Jhuka Ke Jiyo,Hamraaz,1967.0
Na Na Karte Pyar Tumhi Se Kar Baithe,Jab Jab Phool Khile,1965.0
Naach Meri Bulbul Ke Paisa Milega,Roti,1974.0
Naach Meri Jaan Fata Fata Faat,Main Sunder Hoon,1971.0
Naache Ang Ve Chhale Rang Ve,Heer Ranjha,1970.0
Naacho Naacho,RRR,2022.0
Naah Goriye,Bala,2019.0
Nadi Naare Na Jao Shyam,Mujhe Jeene Do,1963.0
Nadiya Chale Chale Re Dhaara,Safar,1972.0
Nadiya Se Dariya,Namak Haraam,1973.0
Nafrat Karne Waalon Ke Seene Me Pyar Bhar Doon,Johny Mera Naam,1972.0
Nafrat Ki Duniya Ko Chhod Ke,Haathi Mere Saathi,1971.0
Nagri Nagri Dware Dware,Mother India,1957.0
Nahi Nahi Abhi Nahi Abhi Karo Intzaar,Jawani Diwani,1972.0
Nahin Saamne Tu,Taal,1999.0
Nain Baandhe Naino Se,Thalaivii,2021.0
Nain Mile Chain Kahaan,Basant Bahar,1956.0
Naina Ye Barse Milne Ko Tarse,Mohabbat,1985.0
Naino Me Badra Chhaye,Mera Saaya,1966.0
Naino Me Nindiya Hai,Joroo Ka Ghulam,1972.0
Naino Me Sapna Sapno Me Sajni,Himmatwala,1983.0
Naino Waali Ne Haye Mera Dil Loota,Mera Saaya,1966.0
Nainowale Ne,Padmaavat,2018.0
Najaa,Sooryavanshi,2021.0
Nanhe Munne Bachche Teri Mutthi Me Kya Hai,Boot Polish,1954.0
Nazar Me Bijli Ada Me Sholey,Prince,1969.0
Nazar Se Phool Chunti Hai Nazar Ahista Ahista,Ahista Ahists,1981.0
Nazaren Mili Dil Dhadka,Raja,1995.0
Neel Gagan Par Udte Baadal,Khandan,1965.0
Neela Aasmaan So Gaya (Female),Silsila,1981.0
Neela Aasmaan So Gaya (Male),Silsila,1981.0
Neele Gagan Ke Tale Dharti Ka Pyar Pale,Hamraaz,1967.0
Neend Churaaye Chain Churaaye Daaka Daale Teri Bansi,Anuraag,1972.0
Ni Main Samajh Gayi,Taal,1999.0
Nigaahen Milaane Ko Jee Chahta Hai,Dil Hi To Hai,1963.0
Nimbooda Nimbooda,Hum Dil De Chuke Sanam,1999.0
Nindiya Se Jaagi Bahaar,Hero,1983.0
Nirbal Se Ladaayi Balwaan Ki,Toofan Aur Deeya,1956.0
Na Tu Zameen Ke Liye Hai Na Aasmaan Ke Liye,Dastaan,1972.0
O Daiyya Re Daiyya Re Chadh Gayo Paapi Bichhua,Madhumati,1958.0
Le Ke Pahla Pahla Pyar,C.I.D.,1956.0
O Maa Sherowaali,Mard,1985.0
O Baabul Pyaare,Johny Mera Naam,1970.0
O Baby Donât Break My Heart,Mohabbat,1997.0
O Dilbar Jaaniya Roothne Manaane Me Na,Pyar Jhukta Nahi,1985.0
O Duniya Ke Rakhwaale Sun Dard Bhare Mere,Baiju Bawra,1952.0
O Ghata Saanwari Thodi Thodi Thodi Baanwari,Abhinetri,1970.0
O Hansini Kahaan Ud Chali,Zehreela Insaan,1974.0
O Manchali Kahaan Chali,Manchali,1973.0
O Mere Dil Chain,Mere Jeevan Saathi,1972.0
O Mere Raaja Khafa Na Hona,Johny Mera Naam,1970.0
O Mere Sapno Ke Saudagar,Dil Hai Ke Manta Nahin,1991.0
O Meri Jaan Bol Meri Jaan,Jaani Dushman,1979.0
O Meri Sharmilee,Sharmeelee,1971.0
O Meri Soni Meri Tamanna,Yaadon Ki Baaraat,1973.0
O Mitwa O Mitwa Ye Duniya To Kya Hai,Jal Bin Machhli Nritya Bin Bijli,1971.0
O Neele Parbaton Ki Dhaara,Aadmi Aur Insaan,1969.0
O Shankar Mere Kab Honge Darshan Tere,Bairaag,1976.0
O Tum Se Door Reh Ke,Adalat,1976.0
O Yaara Dil Lagaana,Agni Sakshi,1996.0
O Yaara Dil Lagana,Sanak,2021.0
Oh Re Taal Mile Nadi Ke Jal Me,Anokhi Raat,1968.0
Ole Ole 2.0,Jawaani Jaaneman,2020.0
Oo Bolega Ya Oo Oo Bolega,Pushpa: The Rise (Part-I),2021.0
Ooh La La,Shubh Mangal Zyada Saavdhan,2020.0
Paalki Me Ho Ke Sawaar Chali Re,Khal Nayak,1993.0
Paani Re Paani Tera Rang Kaisa,Shor,1972.0
Paas Nahi Aana Door Nahi Jana,Aap Ki Kasam,1974.0
Pachhtaoge,Non Filmy,2020.0
Paisa Phenko Tamaasha Dekho,Dushman,1971.0
Pakad Pakad Kheench Ke Pakad,Narsimha,1991.0
Pal Bhar Ke Liye Koi Hame,Johny Mera Naam,1970.0
Palat Meri Jaan Tere Qurban,Aan Milo Sajna,1970.0
Panchhi Banoo Udti Firoon,Chori Chori,1956.0
Panna Ki Tamanna Hai Ke Heera Use Mil Jaaye,Heera Panna,1973.0
Param Sundari,Mimi,2021.0
Parayi Hoon Parayi Meri Aarzoo Na Kar,Kanyadaan,1968.0
Parda Hai Parda,Amar Akbar Anthony,1977.0
Parde Me Rehne Do (Cover),Remake (Shikar),2018.0
Parde Me Rehne Do,Shikar,1968.0
Pardesi,Non Filmy,2021.0
Pardesia Ye Sach Hai Piya,Mr. Natwarlal,1979.0
Pardesiya Ye Sach Hai Piya,Mr. Natwarlal,1979.0
Pasand Aa Gayi Hai Ik Kaafir Haseena,Mehboob Ki Mehndi,1971.0
Patali Kamar Hai Tirachhi Nazar Hai,Barsaat,1949.0
Peene Waalon Ko Peene Ka Bahaana Chahiye,Haath Ki Safai,1974.0
Peete Peete Kabhi Kabhi Yoon Jaam,Bairaag,1976.0
Pehli Baar Hum Tum Mile,Hungama 2,2021.0
Pehli Baar Mile Hain Milte Hi Dil Ne Kaha Mujhe Pyar Ho Gaya,Saajan,1991.0
Pehli Pehli Baar Mohabbat Ki Hai,Sirf Tum,1999.0
Perdesiyon Se Na Ankhiyaan Milaana,Jab Jab Phool Khile,1965.0
Phisal Jaa Tu,Haseen Dillruba,2021.0
Phool Aahista Phenko,Prem Kahani,1975.0
Phoolon Ka Taaron Ka (Male),Hare Rama Hare Krishna,1971.0
Phoolon Ka Taron Ka (Female),Hare Rama Hare Krishna,1971.0
Phoolon Ke Rang Se,Prem Pujari,1970.0
Piya Bina Piya Bina Baasiya,Abhimaan,1973.0
Piya Ka Ghar Hai Ye,Piya Ka Ghar,1972.0
Piya More Bhole Bhole,Baadshaho,2017.0
Piya Sang Khelo Hori,Phagun,1973.0
Piya Tu Ab To Aaja,Caravan,1971.0
Prem Kahani Me Ek Ladka Hota Hai,Prem Kahani,1975.0
Prem Ke Pujaari Hum Hain,Prem Pujari,1970.0
Pretty Woman,Kal Ho Naa Ho,2003.0
Pyar Deewana Hota Hai Mastaana Hota Hai,Kati Patang,1971.0
Pyar Do Pyar Lo,Janbaaz,1986.0
Pyar Hua Ikraar Hua Hai,Shree 420,1955.0
Pyar Ka Samay Kam Hai Jahaan,Raampur Ka Lakshman,1972.0
Pyar Kar Liya To Kya,Kabhi Kabhie,1976.0
Pyar Karne Waale Pyaar Karte Hain,Shaan,1980.0
Pyar Karne Wale Kabhi Darte Nahi,Hero,1983.0
Pyar Karne Wale Kabhi Darte Nahi,Hero,1983.0
Pyar Maanga Hai Tumhi Se,College Girl,1978.0
Pyar Me Dil Pe Maar De Goli,Mahaan,1983.0
Pyar Mujh Se Jo Kiya Tum Ne,Saath-Saath,1982.0
Pyar Se Pyar Hum Ab To Karne Lage,Raaz,2002.0
Pyar Ye Jaane Kaisa Hai,Rangeela,1995.0
Qayamat Hai,Mr. Natwarlal,1979.0
Qurbani (Title Song),Qurbani,1980.0
Rang Rang Ke Phool Khile Mohe Bhaaye Koyi Rang Na,Aan Milo Sajna,1970.0
Raakh Ka Dariya,Velle,2021.0
Raam Kare Babua Hamaar Phulwa Ko,Anuraag,1972.0
Raam Krishna Hari,Chanda Aur Bijli,1969.0
Raama Duhai Mere Raama Duhai,Aya Sawan Jhoom Ke,1969.0
Raama Raama Gajab Hui Gawa Re,Naya Zamana,1971.0
Raampur Ka Baasi Hoon Main,Raampur Ka Lakshman,1972.0
Raat Akeli Hai Bujh Gaye Deeye,Jewel Thief,1967.0
Raat Andheri Door Sawera Barbaad Hai Dil Mera,Aah,1953.0
Raat Gayi So Baat Gayi,Bhoot Police,2021.0
Raat Ka Samaa Jhoome Chandrama,Ziddi,1964.0
Raat Kali Ik Khwab Me Aayi,Buddha Mil Gaya,1971.0
Raat Ke Saaye Tale,Bullets,2021.0
Raataan Lambiyan,Shershaah,2021.0
Raaz Ki Baat Kah Doon To,Dharma,1973.0
Radhe (Title Track),Radhe,2021.0
Raghupati Raaghav Raaja Raam,Kuch Kuch Hota Hai,1998.0
Raghpati Raghav Raja Ram,Poorab Aur Pashchim,1970.0
Raina Beeti Jaaye,Sharmeelee,1972.0
Rait Zara Si,Atrangi Re,2021.0
Raja Boy,Velle,2021.0
Raaja Ki Aayegi Baraat Rangeeli Hogi Raat,Aah,1953.0
Raja Ko Rani Se Pyar Ho Gaya,Akele Hum Akele Tum,1995.0
Ramayya Vasta Waiyya,Shree 420,1955.0
Rammo Rammo,Bhuj: The Pride Of India,2021.0
Ramta Jogi,Taal,1999.0
Rang Barse Bheege Chunar Waali,Silsila,1981.0
Rang Dariya,Chehre,2021.0
Rangeela Re Tere Rang Me,Prem Pujari,1970.0
Ranjha,Shershaah,2021.0
Rasik Balma Haye Dil Kyon Lagaaya,Chori Chori,1956.0
Raula Pae Gayaa,Hum Do Hamare Do,2021.0
Re Mama Re Mama Re,Andaz,1971.0
Rehne Ko Ghar Nahi Sone Ko Bistar Nahi,Sadak,1991.0
Reshami Ujaala Hai Makhmali Andhera,Sharmeelee,1971.0
Reshma Jawaan Ho Gayi,Mome Ki Gudiya,1972.0
Reshmi Salwaar Kudta Jaali Ka,Naya Daur,1957.0
Rihaayi De,Mimi,2021.0
Roothe Roothe Piya,Kora Kagaz,1974.0
Roop Tera Aisa Darpan Me Na Samaaye,Ek Bar Mooskura Do,1972.0
Roop Tera Mastana Pyar Mere Deewana,Aradhana,1969.0
Ruk Ja O Dil Deewane,Dilwale Dulhania Le Jayenge,1995.0
Ruk Jaana O Jaanna,Warrant,1975.0
Rula Ke Gaya Sapna Mera,Jewel Thief,1967.0
Rut Hai Milan Ki Saathi Mere Aa Re,Mela,1971.0
So Gaya Ye Jahaan,Tezaab,1988.0
Saare Zamaane SE (Title Song),Aap Aaye Bahar Aayee,1971.0
Suno Re Suno Ek Baat Sunaoon,Bairaag,1976.0
Sun Lo Sunaata Hoon (Re Mama Re),Andaz,1971.0
Sa Re Ga Ma Pa,Abhinetri,1970.0
Saajan Jee Ghar Aaye,Kuch Kuch Hota Hai,1998.0
Saala Main To Saahab Ban Gaya,Sagina,1974.0
Saamne Ye Kaun Aaaya Dil Me Hui Hulchal,Jawani Diwani,1972.0
Saancha Naam Tera,Julie,1975.0
Saanchi Kahe Tore Aavan Se Hamre,Nadiya Ke Paar,1982.0
Saanwla Rang Hai Mera,Raampur Ka Lakshman,1972.0
Saare Shehar Me Aap Sa Koyi Nahi,Bairaag,1976.0
Saath Baras Ka Dulha,Dosti Dushmani,1986.0
Saath Kya Nibhaoge,Non Filmy (Remake),2021.0
Saathiyaan Nahi Jaana Ke Jee Na Lage,Aya Sawan Jhoom Ke,1969.0
Saawan Ka Mahina Pawan Kare Shor,Milan,1967.0
Sab Se Bada Nadaan Wahi Hai,Pehchan,1970.0
Safal Hogi Teri Aradhana,Aradhana,1969.0
Saiyyan Jhoothon Ka Bada Sartaaj Nikla,Do Ankhen Barah Haath,1957.0
Sajan Re Jhoot Mat Bolo,Teesri Kasam,1966.0
Sakhiyaan 2.0,Bell Bottom,2021.0
Samaa Hai Suhaana Suhaana,Ghar Ghar Ki Kahani,1970.0
Samjhauta Ghamon Se Kar Lo,Samjhauta,1973.0
Sandhya Jo Aaye Man Ud Jaaye,Phagun,1973.0
Sanson Se Nahin Kadmon Se Nahin,Mohabbat,1985.0
Sar Se Sar Ke Sar Ke Chunariya,Kabhi Kabhie,1981.0
Saara Zamaana Haseeno Ka Deewana,Yaarana,1981.0
Sasaar Ki Har Shay Ka,Dhund,1973.0
Sauda Khara Khara (Remake),Good Newwz,2019.0
Shaava Shaava,Kabhi Khushi Kabhie Gham,2001.0
Seeti Maar,Radhe,2021.0
Shaadi Ke Liye Rajamand Kar Li,Devi,1970.0
Sharaafat Chhod Di Maine,Sharafat,1970.0
Sheeshi Bhari Gulaab Ki,Jeet,1972.0
Shehnaayi Baje Na Baje,Shor,1972.0
Shiddat (Title Song),Shiddat,2021.0
Shirdi Wale Sai Baba,Amar Akbar Anthony,1977.0
Shokhiyon Me Ghola Jaaye Phoolo Ka Shabaab,Prem Pujari,1970.0
Shor Mach Gaya Shor Dekho Aaya Maakhan Chor,Badla,1974.0
Shor Machega,Mumbai Saga,2021.0
Shukar Manavaan,Velle,2021.0
Silsila Shuru Hua Pyar Ka,Dulaara,1994.0
Siyapati Ramchandra,Bhavai,2021.0
Slow Slow,Non Filmy,2021.0
So Gaya Ye Jahaan (Remake),Bypass Road,2019.0
Soch Liya,Radhe Shyam,2022.0
Sochenge Tumhe Pyar Kare Ke Nahi,Deewana,1992.0
Sohni Meri Sohni Sohni,Sohni Mahiwal,1984.0
Solah Baras Ki Baali Umar Ko Salaam,Ek Duuje Ke Liye,1981.0
Solah Baras Ki Baali Umar Ko Salaam,Ek Duuje Ke Liye,1981.0
Sona Lai Ja Re,Mera Gaon Mera Desh,1971.0
Sooni Sooni Saans Ke Sitaar,Laal Patthar,1971.0
Subah Se Le Kar Shaam Tak,Mohra,1994.0
Suhaana Safar Aur Ye Mausam Haseen,Madhumati,1958.0
Sun Baal Brahamchaari Main Hoon Kanya Kunwaari,Sanyasi,1975.0
Sun Champa Sun Taara,Apna Desh,1972.0
Sun Ja Aa Thandi Hawa,Haathi Mere Saathi,1971.0
Sun Ri Pawan Pawan Purawaiyya,Anuraag,1972.0
Suna Hai (Female Version),Sanak,2021.0
Suna Hai,Sanak,2021.0
Suno Kaho Kaha Suna,Aap Ki Kasam,1974.0
Suno Sajna Papihe Ne,Aaye Din Bahar Ke,1966.0
Sunta Hai Mera Khuda,Pukar,2000.0
Sur Na Saje Kya Gaoon Main,Basant Bahar,1956.0
Suraj Hua Maddham,Kabhi Khushi Kabhie Gham,2001.0
Surkh Jode Ki (Saada Chidiyaan Da),Kabhi Kabhie,1976.0
Taal Se Taal Mila,Taal,1999.0
Tera Chehra,Intezaar: Koi Aane Ko Hai,2021.0
Tujhe Dekha To Ye Jaana Sanam,Dilwale Dulhania Le Jayenge,1995.0
Thehar Zara O Jaane Waale,Boot Polish,1954.0
Tu Nahi To Main Nahi,Hungama 2,2021.0
Tum Se Door Reh Ke,Adalat,1976.0
Taaki O Taaki,Himmatwala,1983.0
Taaqat Watan Ki Hum Se Hai,Prem Pujari,1970.0
Taare Taare Kitne Neel Gagan Pe Taare,Aap Aaye Bahar Aayee,1971.0
Taaron Me Saj Ke,Jal Bin Machhli Nritya Bin Bijli,1971.0
Tabaah Ho Gaye,Kalank,2019.0
Tadap Tadap Ke,Hum Dil De Chuke Sanam,1999.0
Tak Dhin Dhin Tak,Sadak,1991.0
Tan Man Dhan Sab Hai Tera,Manchali,1973.0
Tanhayee,Dil Chahta Hai,2001.0
Tasveer Banata Hoon Tasveer Nahi Banti,Bara-Dari,1955.0
Tattoo Waaliye,Bunty Aur Babli 2,2021.0
Tauba Tauba Kya Hoga Hona Hai Jo,Mr. Natwarlal,1979.0
Tauba Ye Matwali Chaal,Patthar Ke Sanam,1967.0
Tayyab Ali Pyar Ka Dushman,Amar Akbar Anthony,1977.0
Teeja,Bob Biswas,2021.0
Tenu Lehenga,Satyameva Jayate 2,2021.0
Tera Beemar Mera Dil,ChaalBaaz,1989.0
Tera Ishq Satave,Shakeela,2020.0
Tera Jaan Dil Ke Armaano Ka Lut Jaana,Anari,1959.0
Tere Mere Mera Tera,Nagin,1976.0
Tera Peechha Na Main Chhodunga,Jugnu,1973.0
Tera Phoolon Jaisa Rang,Kabhi Kabhie,1976.0
Tera Saath Hai Kitna Pyaara,Janbaaz,1986.0
Tere Ang Ka Rang Hai Angoori,Chanda Aur Bijli,1969.0
Tere Bina Aag Ye Chaandni Tu Aa Ja,Awaara,1951.0
Tere Bina Zindagi Se Koyi,Aandhi,1975.0
Tere Chehre Me Wo Jaadoo Hai,Dharmatma,1975.0
Tere Chehre Se Nazar Nahin,Kabhi Kabhie,1976.0
Lyrics Tere Dar Par Sanam (Male Version),Phir Teri Kahani Yaad Aayee,1993.0
Tere Dar Pe Aaya Hoon,Laila Majnu,1976.0
Tere Dard Se Dil Aabad Raha,Deewana,1992.0
Tere Dil Ki Tu Jaane Main Apne Dil Ki Jaanoon,Naam,1986.0
Tere Ishq Ka Mujh Pe Hua Ye Asar Hai,Nagin,1976.0
Tere Jaisa Yaar Kahaan,Yaarana,1981.0
Tere Kaaran Mere Saajan,Aan Milo Sajna,1970.0
Tere Kooche Me Tera Deewana,Heer Ranjha,1970.0
Tere Mere Beech Me Kaisa Hai Ye Bandhan,Ek Duuje Ke Liye,1981.0
Tere Mere Milan Ki Ye Raina,Abhimaan,1973.0
Tere Mere Yaraane Ho,Nagin,1976.0
Tere Naino Ke Main Deep Jalaunga,Anuraag,1972.0
Tere Pyar Ka Aasra Chaahta Hoon,Dhool Ka Phool,1959.0
Tere Sang Pyar Main Nahi Todna,Nagin,1976.0
Tere Sang Pyar Main Nahi Todna,Nagin,1976.0
Tere Siva Jag Mein,Tadap,2021.0
Teri Aankhon Me,Thalaivii,2021.0
Teri Bindiya Re,Abhimaan,1973.0
Teri Isi Ada Pe Sanam,Deewana,1992.0
Teri Meri Kahaani,Happy Hardy and Heer,2020.0
Teri Paayaliya,Deewana,1992.0
Teri Pyaari Pyaari Soorat Ko,Sasural,1961.0
Teri Raahon Me Khade Hain Dil Thaam Ke,Chhalia,1960.0
Teri Umeed Tera Intzaar (Female Version),Deewana,1992.0
Teri Umeed Tera Intzaar,Deewana,1992.0
Terre Pyaar Mein,Non Filmy,2021.0
Thaade Rahiyo,Pakeezah,1972.0
Thandi Thandi Hawa Me Dil Lalchaaye,Prince,1969.0
Thokar Me Hai Meri Saara Zamaana,Shehzada,1972.0
Thum Thum Thumka,Pagalpanti,2019.0
Tik Tik Tik Tik Chalti Jaaye Ghadi,Kal Aaj Aur Kal,1971.0
Tip Tip Barsa Paani 2.0,Sooryavanshi,2021.0
Tip Tip Barsa Pani,Mohra,1994.0
Tip Tip Paani Barsa,Non Filmy,2021.0
Tip Tip,Sooryavanshi,2021.0
Toh main,Badnaam,2020.0
Toofaan Si Kudi,Atrangi Re,2021.0
Tu Auron Ki Kyoon Ho Gayi,Ek Bar Mooskura Do,1972.0
Tu Cheez Badi Hai Mast Mast,Mohra,1994.0
Tu Ganga Ki Mauj Main,Baiju Bawra,1952.0
Tu Hi Meri Shab Hai Subah Hai,Gangster,2006.0
Tu Husn Hai Main Ishq Hoon,Hamraaz,1967.0
Tu Jahaan Jahaan Chalega (Title Song),Mera Saaya,1966.0
Tu Kahe Agar Jeewan Bhar Main Geet Sunaata,Andaz,1949.0
Tu Kal Chala Chayega,Naam,1986.0
Tu Kitni Achhi Hai Tu Kitni Bholi Hai Maa,Raja Aur Runk,1968.0
Tu Mera Ho Gaya Hai,Tadap,2021.0
Tu Na Mili To Hum Jogi Ban Jaayenge,Viktoria No. 203,1972.0
Tu Pyar Hai Kisi Aur Ka,Dil Hai Ke Manta Nahin,1991.0
Tu Pyar Hai Mera,Badnaam,2020.0
Tu Raat Khadi Thi Chhat Pe,Himalay Ki God Mein,1965.0
Tu Shayar Hai Main Teri Shayari,Saajan,1991.0
Tu Toh Gaya Re,Bob Biswas,2021.0
Tujh Ko Mirchi Lagi To,Cooli No. 1,2020.0
Tujh Se Naaraz Nahi Zindagi (Female),Masoom,1983.0
Tujh Se Naaraz Nahi Zindagi (Male),Masoom,1983.0
Tujhe Bhoolna To Chaaha,Non Filmy,2021.0
Tujhe Kitna Chahne Lage,Kabir Singh,2019.0
Tujhe Yaad Na Meri Aayi,Kuch Kuch Hota Hai,1998.0
Tukda Tukda,Thalaivii,2021.0
Tum Aa Gaye Ho Noor Aa Gaya Hai,Aandhi,1975.0
Tum Aaoge,Bell Bottom,2021.0
Tum Agar Mujh Ko Na Chaaho To,Dil Hi To Hai,1963.0
Tum Agar Saath Dene Ka Waada Karo,Hamraaz,1967.0
Tum Bin Jeewan Kaisa Jeewan,Bawarchi,1972.0
Tum Ho Haseen Wafa Tum Ko,Apradh,1972.0
Tum Jaano Ya Hum Jaane,Kalicharan,1976.0
Tum Ko Bhi To Ais Hi Kuchh Hota Hoga,Aap Aaye Bahar Aayee,1971.0
Tum Ko Dekha To Ye Khayal Aaya,Saath Saath,1982.0
Tum ko Piya Dil Diya Kitne Naaz Se,Shikari,1963.0
Tum Mile Pyar Se Mujhe Jeena Ganwaara Hua,Apradh,1972.0
Tum Mujh Se Door Chale Jaana Na,Ishq Par Zor Nahin,1970.0
Tum Ne Kisi Se Kabhi Pyar Kiya Hai,Dharmatma,1975.0
Tum Par Hum Hai Atke Yaara (Remake),Pagalpanti,2019.0
Tum Par Hum Hai Atke Yaara,Pagalpanti,2019.0
Tum Pukar Lo,Khamoshi,1969.0
Tum Se Bhi Zyada,Tadap,2021.0
Tum Se Mil Kar Na Jaane Kyon,Pyar Jhukta Nahi,1985.0
Tum Se Milne Ki Tamanna Hai,Saajan,1991.0
Tum To Dhokhebaaz Ho,Saajan Chale Sasural,1996.0
Tum To There Pardesi,Non Filmy,2012.0
Tumbe Te Zumba,Chandigarh Kare Aashiqui,2021.0
Tumhaari Bhi Jai Jai (Female),Diwana,1967.0
Tumhaari Bhi Jai Jai,Diwana,1967.0
Tumhaare Siwa Kuchh Na Chaahat Karenge,Tum Bin,2001.0
Tumhe Apna Banaane Ki Kasam Khaayi Hai,Sadak,1991.0
Tumhi Mere Mandir,Khandan,1965.0
Tumhin Se Tumhin Ko Chura Lenge Hum,Dulaara,1994.0
Tum Se Achha Kaun hai,Janwar,1965.0
Tune O Rangeele Kaisa Jaadu Kiya,Kudrat,1981.0
Twinkle Twinkle Little Star,Purab Aur Pachhim,1970.0
Toote Hue Khwaabon Ne,Madhumati,1958.0
Lyrics Tere Dar Par Sanam (Female Version),Phir Teri Kahani Yaad Aayee,1993.0
Uddne Do,Velle,2021.0
Uden Jab Jab Zulfen Teri,Naya Daur,1957.0
Uljhan Suljhe Na Rasta Soojhe Na,Dhund,1973.0
Un Ko Ye Shikayat Hai Ke Hum Kuchh Nahi Kahte,Adalat,1958.0
Uper Waale Tera Jawaab Nahin,Avtaar,1983.0
Us Paar Saajan Is Paar Dhaare,Chori Chori,1956.0
Uthaaye Ja Un Ke Sitam,Andaz,1949.0
Udd Jaa Parindey,Radhe Shyam,2022.0
Udd Chaliyaan,Velle,2021.0
Vaada Tere Vaada,Dushman,1971.0
Veriya Ve Kiya Kya Kusoor Maine Tere Ve,Naam,1986.0
Vande Matram-Tiger Shroff,Non Filmy,2021.0
Vedha Sajjeya,Hum Do Hamare Do,2021.0
Vighnaharta,Antim: The Final Truth,2021.0
Wo Ladki Hai Kahaan,Dil Chahta Hai,2001.0
Will You Marry Me,Mard,1985.0
Wo Shaam Kuchh Ajeeb Thi,Khamoshi,1969.0
Wo Chaand Khila Wo Taare Hanse,Anari,1959.0
Wo Pari Kahaan Se Laoon,Pehchan,1970.0
Waqt Se Din Aur Raat,Waqt,1965.0
Waada Kar Le Saajna,Haath Ki Safai,1974.0
,,
,,
,,
,,
Yaai Re Yaai Re Jor Laga Ke Naacho Re,Rangeela,1995.0
Yahaan Wahaan Saare Jahaan Me Tera Raaj Hai,Aan Milo Sajna,1970.0
Yaara O Yaara Ishq Ne Maara,Benaam,1974.0
Ye Waqt Na Kho Jaaye Bas Aaj Ye Ho Jaaye,Raaste pyar Ke,1982.0
Ya Ali Madad Ali,Gangster,2006.0
Yaad Aa Rahi Hai,Love Story,1981.0
Yaadon Ki Baraat Nikli Hai Aaj,Yaadon Ki Baaraat,1973.0
Yaane Yaane,Mimi,2021.0
Yaar Bina Chain Kahaan Re,Saaheb,1985.0
Yaar Hamaari Baat Suno,Roti,1974.0
Yaari Hai Imaan Mera,Zanjeer,1973.0
Yaari Ho Gayi Yaar Se Lak Tunu Tunu,Do Chor,1972.0
Yaaron Hum Ko Dekh Ke,Dosti Dushmani,1986.0
Yaaron Ka Bulaava,Velle,2021.0
Yaaron Sun Lo Zara,Rangeela,1995.0
Yahaan Pe Sab Shanti Shanti Hai,Raaz,2002.0
Yahaan Main Ajnabi Hoon,Jab Jab Phool Khile,1965.0
Yahin Kahin Jiyra Hamaar Ae Goriya Gum Hoi Gawa Re,Khudgarz,1987.0
Yamma Yamma,Shaan,1980.0
Yashoda Ka Nand Laala,Sanjog,1985.0
Ye Aansoo Mere Dil Ki Zubaan Hain,Hamrahi,1963.0
Ye Bandhan Toh,Karan Arjun,1995.0
Ye Deewane Ki Zind Hai,Laila Majnu,1976.0
Ye Desh Hai Veer Jawaano Ka,Naya Daur,1957.0
Ye Dil Aur Un Ki Nigaahone Ke Saaye,Prem Parbat,1973.0
Ye Dil Deewana Hai Dil To Deewana Hai,Ishq Par Zor Nahin,1970.0
Ye Din To Aata Hai Ik Din Jawaani Me,Mahaan,1983.0
Ye Dosti Hum Nahi Todenge,Sholay,1975.0
Ye Duniya Ye Mehfil,Heer Ranjha,1972.0
Ye Hai Geeta Ka Gyan,Sanyasi,1975.0
Ye Jeewan hai Is Jeewan Ka,Piya Ka Ghar,1972.0
Ye Jo Chilman Hai,Mehboob Ki Mehndi,1971.0
Ye Jo Mohabbat Hai Ye Un Ka Hai Kaam,Kati Patang,1971.0
Ye Jo Public Hai Ye Sab Jaanti Hai,Roti,1974.0
Ye Kahaan Aa Gaye Hum Yoon Hi Saath Saath Chalte,Silsila,1981.0
Ye Kali Jab Tak Phool Ban Ke Khile,Aaye Din Bahar Ke,1966.0
Ye Kya Hua Kaise Hua Kab Hua,Amar Prem,1972.0
Ye Ladka Hai Allah,Kabhi Khushi Kabhie Gham,2001.0
Ye Ladka Hai Deewana,Kuch Kuch Hota Hai,1998.0
Ye Ladki Hai Ya Shola,Silsila,1981.0
Ye Lo Main Haari Piya,Aar Paar,1954.0
Ye Mera Deewanapan Hai,Yahudi,1958.0
Ye Raaten Nayi Puraani,Julie,1975.0
Ye Reshmi Zulfen Ye Sharbati Aankhen,Do Raaste,1969.0
Ye Samaa Samaa Hai Pyar Ka,Jab Jab Phool Khile,1965.0
Ye Shaam Ki Tanhiyaan Aise Me Tera Gham,Aah,1953.0
Ye Shaam Mastani Madhosh Kiye Jaaye,Kati Patang,1971.0
Ye Shamaa To Jali Roshni Ke Liye,Aya Sawan Jhoom Ke,1969.0
Ye Tera Ghar Ye Mera Ghar Kisi Ko Dekhna Ho Gar,Saath Saath,1982.0
Ye Zindagi Usi Ki Hai,Anarkali,1953.0
Yeh Laal Rang Kab Mujhe Chhodega,Prem Nagar,1974.0
Yoon Hasraton Ke Daag Mohabbat Me Dho Liye,Adalat,1958.0
Yoon Hi Tum Mujh Se Baat Karti Ho,Sachaa Jhutha,1970.0
You Are My Soniya,Kabhi Khushi Kabhie Gham,2001.0
Zaalima Coca Cola,Bhuj: The Pride Of India-2021,2021.0
Zamaane Ke Dekhe Hain Rang Hazaar,Sadak,1991.0
Zara Sa Jhoom Loon Main,Dilwale Dulhania Le Jayenge,1995.0
Zara Sa Us Ko Chhua To,Shor,1972.0
Zidd,Rashmi Rocket,2021.0
Zinda Rahenge Chehre,Chehre,2021.0
Zindagi Ek Safar Hai Suhaana,Andaz,1971.0
Zindagi Ittefaq Hai,Aadmi Aur Insaan,1969.0
Zindagi Ka Naam Dosti,Khudgarz,1987.0
Zindagi Ka Safar Hai Ye Kaisa Safar,Safar,1970.0
Zindagi Kaisi Hai Pahli Haye,Anand,1971.0
Zindagi Ke Rang Kayi Re,Aadmi Aur Insaan,1969.0
Zindagi Ke Safar Me Guzar Jaate Hain,Aap Ki Kasam,1974.0
Zindagi Mauz Udaane Ka Naam Hai,Avtaar,1983.0
Zindagi Pyar Ki Do Chaar Ghadi,Anarkali,1953.0
Zindagi Tere Naam,Rashmi Rocket,2021.0
Zindagi Pyar Ka Geet Hai (Male),Souten,1983.0
Zubaan Pe Dard Bhari,Maryada,1971.0
Zulmi Sang Aankh Ladi,Madhumati,1958.0
Zindagi Pyar Ka Geet Hai (Female),Souten,1983.0
Zindagi Ittefaq Hai (Duet),Aadmi Aur Insaan,1969.0
